date,Blekinge,Dalarna,Gotland,Gävleborg,Halland,Jämtland.Härjedalen,Jönköping,Kalmar,Kronoberg,Norrbotten,Skåne,Stockholm,Sörmland,Uppsala,Värmland,Västerbotten,Västernorrland,Västmanland,Västra.Götaland,Örebro,Östergötland,compartment
2020-03-19,0,0,0,8,2,0,5,8,0,0,7,101,1,13,1,2,0,3,0,0,16,H
2020-03-20,0,2,0,9,2,0,6,8,0,1,7,139,6,18,0,4,1,3,0,0,15,H
2020-03-21,0,2,0,10,2,0,6,8,0,1,8,158,3,22,0,1,1,4,18,1,16,H
2020-03-22,0,2,0,10,2,0,6,9,0,5,8,188,11,23,4,1,1,6,25,1,19,H
2020-03-23,0,8,0,12,7,0,8,9,0,5,13,211,11,22,3,1,1,8,23,1,23,H
2020-03-24,0,10,0,16,8,2,8,9,0,5,17,236,18,25,2,1,2,10,19,1,35,H
2020-03-25,0,10,0,22,7,3,10,9,0,5,16,300,18,29,2,2,2,12,18,2,38,H
2020-03-26,0,8,2,20,6,3,8,12,1,5,20,333,55,34,1,4,2,11,17,3,44,H
2020-03-27,0,10,2,28,3,3,14,14,1,5,27,373,57,36,1,5,2,19,35,3,54,H
2020-03-28,0,10,2,34,3,3,14,15,1,5,28,410,61,37,2,4,2,17,32,5,63,H
2020-03-29,0,10,2,37,3,3,17,15,1,5,28,443,72,40,3,4,2,22,35,8,73,H
2020-03-30,4,25,1,41,8,5,15,18,1,5,21,488,74,39,4,5,2,26,35,10,73,H
2020-03-31,1,40,1,42,11,5,19,19,5,23,22,501,84,42,5,6,9,30,37,9,86,H
2020-04-01,2,32,1,38,10,5,22,20,5,23,20,546,93,47,4,10,8,30,41,15,94,H
2020-04-02,3,38,1,38,10,6,26,19,6,31,20,572,88,57,4,9,12,30,45,20,109,H
2020-04-03,2,31,1,39,9,7,26,21,6,33,27,578,88,55,3,7,17,30,52,23,107,H
2020-04-04,2,31,0,40,9,7,31,20,6,33,35,564,105,60,3,11,17,32,50,32,103,H
2020-04-05,2,31,0,35,9,8,33,25,3,34,41,732,117,52,3,13,11,32,58,26,104,H
2020-04-06,2,34,0,39,8,8,35,26,3,34,37,729,113,55,3,14,9,34,70,28,104,H
2020-04-07,2,41,0,41,6,7,35,25,5,32,37,755,109,54,3,14,12,33,75,33,111,H
2020-04-08,2,38,0,39,10,8,43,24,7,37,47,758,78,59,6,16,14,35,89,38,110,H
2020-04-09,2,40,0,41,8,8,38,21,9,44,48,766,83,55,6,13,12,35,77,41,110,H
2020-04-10,2,40,1,41,8,5,35,16,9,46,45,802,91,61,4,17,9,44,97,44,112,H
2020-04-11,2,40,1,42,15,6,38,16,12,41,45,792,93,61,8,13,9,45,121,48,112,H
2020-04-12,2,55,0,37,15,7,39,19,12,41,44,819,88,70,9,15,12,42,119,45,110,H
2020-04-13,2,55,0,38,19,7,37,23,12,41,51,855,89,76,14,10,15,43,114,47,110,H
2020-04-14,2,51,0,41,17,7,33,22,10,36,50,855,89,84,13,10,15,41,141,53,111,H
2020-04-15,2,47,0,39,17,11,38,24,10,32,52,878,92,100,11,9,16,40,127,49,108,H
2020-04-16,5,46,1,39,13,10,39,26,10,31,56,873,91,101,12,13,15,38,135,46,106,H
2020-04-17,5,45,1,34,13,12,46,26,10,39,55,873,92,102,16,12,12,44,168,48,96,H
2020-04-18,5,45,1,35,13,12,46,26,10,32,54,840,96,93,13,11,19,36,164,52,90,H
2020-04-19,5,45,1,35,13,15,49,26,10,34,56,882,100,92,14,11,19,36,178,52,89,H
2020-04-20,4,58,1,38,23,12,51,33,13,31,52,861,90,92,19,12,16,38,202,43,91,H
2020-04-21,4,58,2,38,21,9,47,34,14,28,49,837,82,86,19,11,10,33,196,45,90,H
2020-04-22,4,57,2,37,29,6,47,35,14,24,50,841,82,89,18,8,11,31,200,47,93,H
2020-04-23,2,52,1,37,30,6,39,36,14,27,50,816,84,89,17,8,10,34,212,53,87,H
2020-04-24,3,43,1,39,22,9,39,31,11,23,51,808,87,94,16,7,18,32,225,54,86,H
2020-04-25,2,43,1,40,22,9,42,27,10,24,46,811,71,91,19,7,18,31,235,56,88,H
2020-04-26,2,43,1,40,22,9,46,33,10,16,49,831,74,94,19,7,17,32,233,54,88,H
2020-04-27,2,46,1,38,25,10,44,31,13,15,62,843,73,99,19,7,20,25,263,56,87,H
2020-04-28,2,45,1,36,25,8,48,33,10,22,65,805,73,103,24,7,22,28,259,54,79,H
2020-04-29,2,40,0,37,21,9,43,37,16,20,66,759,67,104,28,8,22,28,251,48,74,H
2020-04-30,3,37,0,40,23,8,42,40,15,27,59,803,66,99,28,9,23,28,245,46,67,H
2020-05-01,3,37,2,42,23,8,38,39,15,18,57,731,64,101,24,10,27,27,242,52,66,H
2020-05-02,3,37,1,47,19,8,34,33,17,21,56,762,69,98,27,10,25,28,243,49,67,H
2020-05-03,3,37,1,42,19,8,46,39,17,19,61,762,72,103,31,10,26,26,256,45,70,H
2020-05-04,3,31,2,38,19,13,49,41,28,22,64,761,68,105,36,9,29,27,279,47,73,H
2020-05-05,3,41,2,38,19,11,53,36,34,25,71,775,69,102,33,9,28,28,266,48,76,H
2020-05-06,4,36,1,39,21,11,47,36,26,27,68,768,71,107,33,8,24,28,248,55,75,H
2020-05-07,4,42,1,38,25,11,46,34,22,21,69,763,71,105,30,8,23,22,247,48,74,H
2020-05-08,4,37,1,36,25,14,47,34,21,19,63,748,57,97,30,8,20,29,251,41,71,H
2020-05-09,4,37,0,35,25,14,44,32,20,15,52,748,53,83,30,12,18,28,243,38,69,H
2020-05-10,4,37,0,37,25,14,46,32,20,15,50,748,53,86,28,9,15,28,259,41,70,H
2020-05-11,3,35,0,37,20,12,51,39,25,15,54,735,59,92,29,12,21,31,261,37,67,H
2020-05-12,2,34,0,38,21,9,47,35,22,23,55,679,61,91,24,11,23,30,258,35,69,H
2020-05-13,1,32,0,37,26,9,44,35,23,25,51,690,61,89,21,12,27,28,241,35,68,H
2020-05-14,1,31,0,35,21,8,41,36,22,24,54,651,61,96,19,10,27,30,241,35,65,H
2020-05-15,1,33,0,35,22,7,37,39,22,24,57,629,60,98,20,8,22,28,221,38,61,H
2020-05-16,1,33,0,37,22,7,32,34,21,21,53,629,60,89,20,8,29,30,226,35,64,H
2020-05-17,1,33,1,36,22,7,35,36,21,20,60,629,50,89,20,8,28,29,220,30,71,H
2020-05-18,2,31,1,27,16,6,33,35,28,18,71,633,49,92,22,5,31,27,230,30,73,H
2020-05-19,1,35,1,25,16,6,37,32,27,17,64,622,46,88,17,7,31,25,224,30,73,H
2020-05-20,3,33,1,22,12,1,39,32,26,14,65,612,48,86,20,7,34,24,224,33,62,H
2020-05-21,6,33,1,25,12,1,35,31,26,13,67,612,44,81,20,7,29,21,208,28,64,H
2020-05-22,6,27,1,23,15,11,34,30,26,13,75,612,39,78,23,8,29,19,233,24,60,H
2020-05-23,7,27,0,25,15,11,29,24,26,17,68,612,37,73,23,6,35,22,235,30,56,H
2020-05-24,7,27,0,23,15,11,30,26,26,19,61,612,38,69,19,5,36,25,235,31,58,H
2020-05-25,8,32,0,24,15,13,36,27,26,15,70,608,38,79,21,5,38,27,249,30,60,H
2020-05-26,8,36,0,31,16,11,32,26,28,14,70,619,46,81,20,4,41,29,239,35,59,H
2020-05-27,8,35,1,33,13,11,31,22,27,17,71,603,46,75,20,4,38,24,232,33,55,H
2020-05-28,6,34,1,36,17,7,36,23,24,13,61,593,42,76,19,4,34,23,212,37,53,H
2020-05-29,6,32,1,35,17,5,40,16,25,12,65,568,40,78,23,5,36,21,218,42,50,H
2020-05-30,6,32,1,33,17,5,35,16,24,10,65,568,37,70,18,4,34,21,221,45,47,H
2020-05-31,4,32,1,37,17,5,38,20,24,9,63,568,36,68,19,2,30,22,234,43,46,H
2020-06-01,5,32,1,37,18,4,36,20,25,11,64,597,35,67,22,3,34,25,241,50,44,H
2020-06-02,7,30,1,41,17,7,35,14,24,13,64,580,35,65,24,5,34,29,223,43,50,H
2020-06-03,7,33,1,41,17,6,35,13,22,17,67,533,32,59,26,5,33,27,218,36,52,H
2020-06-04,10,32,0,39,19,5,33,17,26,17,72,534,28,59,25,7,39,27,217,34,44,H
2020-06-05,8,32,0,34,20,5,30,18,24,16,65,516,28,66,28,8,36,25,215,33,42,H
2020-06-06,8,32,1,36,20,5,33,16,25,17,53,516,30,69,26,8,38,29,188,30,38,H
2020-06-07,8,32,1,35,20,5,34,14,25,13,55,516,30,79,28,8,38,28,184,27,41,H
2020-06-08,7,32,1,36,20,4,38,15,25,15,62,547,30,78,31,7,36,34,189,28,40,H
2020-06-09,8,31,1,31,18,6,33,17,21,14,55,499,29,84,30,8,34,25,175,28,42,H
2020-06-10,10,31,1,32,16,7,31,14,22,15,53,490,28,76,25,6,32,26,171,24,47,H
2020-06-11,9,28,1,30,16,4,30,16,20,20,46,451,29,78,18,7,29,26,190,25,43,H
2020-06-12,11,23,1,33,23,4,29,14,18,16,45,451,28,79,21,7,28,28,183,26,34,H
2020-06-13,12,23,0,33,23,4,26,15,18,14,46,451,28,71,21,7,30,23,171,21,30,H
2020-06-14,10,23,0,33,23,4,26,20,18,13,50,451,28,66,21,7,31,27,165,16,33,H
2020-06-15,9,25,1,33,20,3,29,21,16,13,50,418,25,62,19,7,34,30,187,18,39,H
2020-06-16,9,25,2,32,24,3,32,22,17,9,39,410,27,68,18,6,30,29,185,22,35,H
2020-06-17,10,25,1,32,14,0,28,21,20,14,41,386,26,70,17,6,28,34,178,26,31,H
2020-06-18,10,24,0,33,18,0,27,20,18,15,42,365,27,66,17,7,30,29,163,29,33,H
2020-06-19,10,24,0,32,18,0,35,16,18,17,40,365,27,57,18,7,30,30,163,24,29,H
2020-06-20,10,24,0,30,18,0,33,16,19,19,35,365,27,58,19,7,30,29,163,25,31,H
2020-06-21,10,24,0,34,18,0,30,17,19,20,38,365,27,60,18,7,30,36,163,23,28,H
2020-06-22,12,24,1,37,18,5,27,19,17,20,38,345,31,67,19,5,34,38,158,23,27,H
2020-06-23,11,24,2,32,20,7,26,17,16,18,37,345,27,65,18,4,30,34,167,24,26,H
2020-06-24,11,24,1,31,20,8,29,13,14,18,31,345,25,52,17,8,33,27,164,21,25,H
2020-06-25,11,23,2,32,15,8,26,14,10,15,36,289,26,50,10,5,31,31,155,21,28,H
2020-06-26,10,23,1,29,16,9,31,12,12,14,35,289,23,46,10,4,28,28,156,20,27,H
2020-06-27,10,23,1,29,16,9,29,12,12,19,32,289,23,44,10,4,28,26,156,18,26,H
2020-06-28,10,23,1,34,16,9,31,12,12,16,34,289,23,46,13,4,28,23,156,19,25,H
2020-06-29,10,23,0,33,14,15,25,13,13,19,35,242,22,48,12,5,23,20,148,18,24,H
2020-06-30,8,23,0,31,14,11,28,13,15,11,26,242,18,49,12,6,26,23,140,21,27,H
2020-07-01,9,23,1,30,13,8,28,12,15,10,29,242,15,44,11,7,21,19,141,20,25,H
2020-07-02,8,26,1,31,9,6,31,12,11,9,30,185,12,46,7,7,21,18,143,15,25,H
2020-07-03,4,26,0,27,11,7,31,12,11,12,23,185,13,42,5,7,23,19,132,11,27,H
2020-07-04,4,26,0,30,11,7,25,8,11,11,19,185,13,37,5,7,23,20,132,11,27,H
2020-07-05,4,26,0,28,11,7,25,9,11,12,19,185,13,37,5,7,23,19,132,11,26,H
2020-07-06,5,26,0,27,8,3,26,11,7,11,15,156,9,38,6,3,19,19,124,10,27,H
2020-07-07,5,26,0,22,8,4,23,8,9,10,11,156,9,35,5,4,18,19,128,9,28,H
2020-07-08,6,26,0,22,5,4,22,6,9,7,9,156,11,36,5,6,19,15,122,9,25,H
2020-07-09,4,29,0,21,6,4,17,6,8,6,7,126,13,30,6,6,16,14,110,9,24,H
2020-07-10,4,29,0,20,6,2,12,6,6,7,10,126,14,25,5,4,15,12,94,6,23,H
2020-07-11,4,29,0,21,6,2,12,3,6,5,8,126,14,19,5,4,15,13,94,7,22,H
2020-07-12,4,29,0,18,6,2,12,4,6,6,7,126,14,21,5,4,15,10,94,6,24,H
2020-07-13,3,29,0,15,4,3,14,7,6,5,8,110,11,22,5,3,16,10,84,6,22,H
2020-07-14,3,29,0,15,4,3,15,7,7,7,10,110,12,25,2,3,15,7,80,5,19,H
2020-07-15,3,29,0,17,4,2,12,7,7,6,9,110,11,23,2,3,14,6,71,4,17,H
2020-07-16,3,23,0,18,4,3,11,7,6,5,8,68,9,21,1,3,15,6,69,4,15,H
2020-07-17,3,23,0,17,6,3,11,4,6,6,5,68,7,21,0,3,13,4,56,3,14,H
2020-07-18,3,23,0,17,6,3,10,4,6,8,7,68,7,20,0,3,13,4,56,3,9,H
2020-07-19,3,23,0,16,6,3,10,5,6,8,6,68,7,21,0,3,13,4,56,3,10,H
2020-07-20,4,23,0,15,1,3,11,4,6,6,8,61,5,19,0,3,12,4,54,2,11,H
2020-07-21,4,23,0,13,1,3,17,6,6,7,9,61,7,19,1,3,13,3,58,3,11,H
2020-07-22,3,23,0,13,1,4,16,5,6,6,8,61,3,19,1,4,13,2,55,2,12,H
2020-07-23,2,17,2,14,1,4,11,6,6,7,9,71,4,19,1,3,14,2,54,1,12,H
2020-07-24,2,17,2,15,1,3,10,6,4,6,10,71,4,18,1,4,12,2,53,1,12,H
2020-07-25,2,17,2,14,1,3,10,5,4,5,9,71,4,17,1,4,12,3,53,1,12,H
2020-07-26,2,17,2,14,1,3,10,5,4,5,7,71,4,18,1,4,12,4,53,1,13,H
2020-07-27,1,17,4,10,2,4,13,5,4,4,10,70,4,17,1,4,12,4,52,1,11,H
2020-07-28,2,17,4,12,3,2,14,5,4,4,9,70,4,15,1,3,12,5,56,1,9,H
2020-07-29,2,17,2,11,3,3,15,5,5,6,5,70,5,14,1,3,11,4,53,1,9,H
2020-07-30,2,11,2,8,2,4,13,5,5,5,5,58,5,15,1,3,11,3,54,1,10,H
2020-07-31,4,11,2,7,1,4,13,5,7,4,4,58,3,16,1,5,10,3,54,1,12,H
2020-08-01,4,11,2,8,1,4,13,5,7,3,7,58,3,17,1,5,10,5,54,2,14,H
2020-08-02,4,11,2,8,1,4,13,5,7,3,4,58,3,17,1,5,10,5,54,1,13,H
2020-08-03,3,11,1,9,2,2,11,6,7,4,9,41,3,16,1,3,11,4,49,2,14,H
2020-08-04,3,11,1,7,1,2,12,5,9,4,8,41,2,17,1,3,12,0,48,3,12,H
2020-08-05,3,11,1,8,1,2,11,5,8,5,8,41,2,19,1,3,11,1,41,0,12,H
2020-08-06,3,10,1,9,1,1,12,4,9,4,5,37,2,18,1,3,11,1,37,0,10,H
2020-08-07,3,10,1,9,1,1,10,4,10,4,6,37,2,18,1,5,12,1,38,0,8,H
2020-08-08,3,10,1,10,1,1,10,4,10,3,7,37,2,17,1,5,12,1,38,0,9,H
2020-08-09,3,10,1,9,1,1,10,4,10,3,6,37,2,16,1,5,12,1,38,1,8,H
2020-08-10,2,10,1,9,3,0,11,4,13,3,9,38,2,15,1,3,10,2,45,2,7,H
2020-08-11,2,10,1,8,2,0,11,5,10,3,9,38,2,14,2,3,7,3,42,2,7,H
2020-08-12,2,10,1,8,0,0,10,5,10,2,10,38,2,16,2,2,6,3,51,1,6,H
2020-08-13,2,9,1,8,1,0,11,4,11,1,10,33,2,16,2,3,5,3,51,2,7,H
2020-08-14,1,9,1,6,2,0,13,3,12,1,10,33,2,17,2,2,6,3,46,1,8,H
2020-08-15,0,9,1,6,2,0,13,2,12,1,14,33,2,16,2,2,6,3,46,2,8,H
2020-08-16,0,9,1,6,2,0,13,3,12,1,17,33,2,16,2,2,6,2,46,2,7,H
2020-08-17,2,9,1,4,2,0,10,4,13,1,16,44,2,15,2,4,6,2,37,2,7,H
2020-08-18,2,9,0,4,2,0,10,3,12,0,16,44,2,16,1,2,9,4,41,2,8,H
2020-08-19,4,9,0,4,2,0,6,2,13,0,22,44,3,15,1,2,8,3,38,3,9,H
2020-08-20,4,6,0,5,2,1,6,3,10,1,22,32,3,15,2,3,8,5,39,3,6,H
2020-08-21,4,6,0,5,2,1,8,5,10,1,22,32,3,14,2,3,9,4,35,2,5,H
2020-08-22,4,6,0,5,2,1,8,4,10,1,22,32,3,13,2,3,9,4,35,2,7,H
2020-08-23,4,6,0,5,2,1,8,5,10,1,21,32,3,13,2,3,9,4,35,2,7,H
2020-08-24,2,6,1,4,4,0,6,5,9,1,22,31,2,13,3,1,4,3,40,2,6,H
2020-08-25,1,4,0,6,2,0,6,6,8,1,13,31,2,12,3,2,4,3,43,3,6,H
2020-08-26,0,4,0,5,2,0,6,5,7,0,10,31,2,12,3,2,4,2,43,2,7,H
2020-08-27,0,6,0,6,2,0,6,5,6,0,13,37,2,13,3,1,4,2,43,2,7,H
2020-08-28,0,6,0,5,2,0,4,5,6,0,14,37,2,13,2,0,5,2,35,2,6,H
2020-08-29,0,6,0,7,2,0,4,5,6,0,9,37,2,13,2,0,5,3,35,3,7,H
2020-08-30,0,6,0,7,2,0,4,5,6,0,9,37,2,13,2,0,5,2,35,3,5,H
2020-08-31,0,6,0,7,4,0,3,2,5,0,10,32,3,14,2,0,5,2,36,3,7,H
2020-09-01,1,8,0,7,4,0,3,1,6,0,12,32,3,15,2,0,5,2,36,3,6,H
2020-09-02,2,8,0,8,3,0,3,1,6,0,10,32,2,13,2,0,5,2,32,1,5,H
2020-09-03,2,5,0,9,3,0,4,1,6,0,11,23,2,14,5,0,5,2,30,1,4,H
2020-09-04,2,5,1,7,2,0,4,1,5,0,7,23,2,13,5,0,7,2,30,2,4,H
2020-09-05,2,5,1,7,2,0,4,1,5,0,6,23,2,10,5,0,7,2,30,1,4,H
2020-09-06,2,5,1,9,2,0,4,1,5,0,8,23,2,10,5,0,7,2,30,1,4,H
2020-09-07,1,5,1,12,3,1,4,1,5,0,8,20,2,12,5,0,6,2,32,2,4,H
2020-09-08,1,5,1,10,3,1,3,1,5,0,13,20,2,12,5,0,5,2,32,2,4,H
2020-09-09,0,5,1,10,1,0,4,1,4,0,12,20,2,13,5,0,5,2,34,3,4,H
2020-09-10,0,4,0,8,1,0,4,1,3,0,11,17,2,13,4,0,5,2,34,2,5,H
2020-09-11,0,4,0,4,3,0,5,2,3,0,9,17,2,12,4,0,5,2,36,2,5,H
2020-09-12,0,4,0,4,3,0,5,2,3,1,5,17,2,11,4,0,5,2,36,2,7,H
2020-09-13,0,4,0,4,3,0,5,2,3,1,7,17,2,10,4,0,5,3,36,2,7,H
2020-09-14,0,4,0,4,4,0,5,1,3,1,11,26,2,11,4,0,2,3,42,2,7,H
2020-09-15,0,4,0,3,4,0,4,1,4,2,12,26,2,11,4,0,1,3,39,3,6,H
2020-09-16,0,4,0,3,3,0,5,1,6,3,13,26,2,12,4,0,1,2,40,4,7,H
2020-09-17,1,7,0,3,3,0,5,1,6,3,17,26,2,12,4,0,1,1,39,3,5,H
2020-09-18,0,7,0,1,3,0,5,1,4,2,15,21,2,12,4,0,0,0,37,4,6,H
2020-09-19,0,7,0,1,3,0,5,2,4,2,13,21,2,12,4,0,0,0,37,3,6,H
2020-09-20,0,7,0,1,3,0,5,2,4,2,11,21,2,13,4,0,0,0,37,2,6,H
2020-09-21,0,7,0,3,2,1,5,1,1,3,10,21,2,13,4,1,2,0,37,2,6,H
2020-09-22,1,11,0,3,2,2,6,1,2,3,10,25,2,13,4,2,2,0,37,2,4,H
2020-09-23,2,11,0,4,4,2,7,1,2,2,9,25,2,11,4,2,3,1,37,2,4,H
2020-09-24,2,10,0,4,4,2,7,1,2,2,13,25,2,13,2,1,3,1,37,2,3,H
2020-09-25,3,10,0,4,4,2,7,1,3,1,11,24,2,13,2,2,4,1,38,2,2,H
2020-09-26,3,10,0,5,4,2,7,1,3,1,13,24,2,11,2,2,4,3,38,2,2,H
2020-09-27,3,10,0,4,4,2,7,1,3,2,14,24,2,12,2,2,4,2,38,1,3,H
2020-09-28,4,10,0,4,3,1,5,1,6,2,9,24,2,14,2,0,3,2,43,1,4,H
2020-09-29,4,9,0,3,3,1,5,1,7,3,13,19,2,14,2,0,4,2,43,1,5,H
2020-09-30,4,9,0,4,6,0,5,1,7,4,8,19,3,17,2,0,3,3,36,1,6,H
2020-10-01,5,8,0,5,6,2,4,1,7,0,7,19,3,20,3,0,3,3,36,1,7,H
2020-10-02,5,8,0,5,3,3,4,1,3,1,8,24,3,25,3,0,3,3,31,1,6,H
2020-10-03,5,8,0,5,3,3,4,1,3,0,9,24,3,24,3,0,3,5,31,1,5,H
2020-10-04,5,8,0,6,3,3,4,1,3,0,11,24,3,25,3,0,3,4,31,1,4,H
2020-10-05,3,8,0,5,1,4,2,1,4,0,11,24,3,25,3,0,3,5,25,1,5,H
2020-10-06,4,8,0,5,1,3,5,1,4,0,12,30,3,26,3,0,3,5,25,1,6,H
2020-10-07,4,8,0,7,3,2,6,1,4,2,14,30,2,25,3,0,0,4,25,2,6,H
2020-10-08,4,7,0,8,3,2,6,1,4,2,16,30,2,24,7,0,0,4,25,3,8,H
2020-10-09,4,7,0,9,4,1,8,1,3,2,12,33,2,25,7,0,0,4,24,5,6,H
2020-10-10,4,7,0,8,4,1,8,1,3,2,9,33,2,29,7,0,0,7,24,5,7,H
2020-10-11,4,7,0,8,4,1,8,1,3,2,19,33,2,34,7,0,0,7,24,4,7,H
2020-10-12,4,7,0,6,4,1,8,1,3,2,18,33,2,35,7,1,0,7,31,3,7,H
2020-10-13,4,9,0,5,4,1,8,1,3,2,15,51,2,34,7,1,0,8,31,5,6,H
2020-10-14,1,9,0,5,3,1,10,2,7,2,14,51,4,36,7,1,2,7,23,4,5,H
2020-10-15,1,9,0,8,3,1,10,2,7,3,9,51,4,41,2,2,2,7,23,4,6,H
2020-10-16,1,9,0,8,3,1,10,2,7,2,13,59,4,40,2,2,2,7,27,5,7,H
2020-10-17,1,9,0,6,3,1,10,1,7,3,13,59,4,39,2,0,2,8,27,5,7,H
2020-10-18,1,9,0,7,3,1,10,1,7,3,19,59,4,40,2,0,2,8,27,5,7,H
2020-10-19,0,9,0,6,5,1,11,1,9,2,20,59,3,39,2,2,2,9,47,6,7,H
2020-10-20,0,11,0,5,5,1,11,1,9,2,22,69,2,40,2,0,2,6,47,6,7,H
2020-10-21,0,11,0,7,5,1,10,2,17,2,20,69,2,38,2,0,2,7,43,6,12,H
2020-10-22,0,11,0,6,5,1,10,2,17,2,30,69,2,39,3,0,2,8,43,8,14,H
2020-10-23,0,11,0,5,5,1,10,4,17,4,25,69,2,37,3,0,2,9,43,11,15,H
2020-10-24,0,11,0,7,5,1,10,5,17,2,30,69,2,39,3,0,2,9,43,15,21,H
2020-10-25,0,11,0,5,5,1,10,6,17,1,35,76,2,41,3,0,2,10,43,13,22,H
2020-10-26,0,11,2,8,4,1,10,6,17,2,38,76,2,50,3,0,2,13,57,15,24,H
2020-10-27,4,10,2,8,4,3,14,7,11,2,48,105,8,56,3,1,1,13,57,12,28,H
2020-10-28,3,10,2,16,8,3,13,7,11,4,51,105,12,59,3,0,1,12,74,14,33,H
2020-10-29,2,12,1,16,8,0,7,6,14,4,59,105,8,58,3,0,1,11,74,16,27,H
2020-10-30,3,12,1,15,6,0,9,7,18,3,61,133,8,60,3,2,2,13,73,19,27,H
2020-10-31,3,12,1,17,6,0,14,7,18,3,65,133,8,64,3,0,2,15,73,20,37,H
2020-11-01,3,12,1,18,6,0,14,7,18,5,62,133,8,65,3,0,2,16,73,22,38,H
2020-11-02,7,12,1,19,10,2,20,9,17,7,69,183,10,73,3,3,1,17,87,26,37,H
2020-11-03,6,10,1,22,10,3,23,8,14,7,68,190,10,79,3,4,2,18,105,29,47,H
2020-11-04,6,10,5,23,11,3,20,8,22,7,85,207,12,82,3,4,1,18,108,32,45,H
2020-11-05,6,9,6,25,11,0,19,9,22,8,78,225,15,83,6,4,1,19,109,33,59,H
2020-11-06,5,9,10,24,10,1,24,11,21,8,68,252,19,83,6,3,3,18,109,36,68,H
2020-11-07,5,9,10,23,10,1,24,15,21,10,67,252,19,84,6,3,3,17,109,33,59,H
2020-11-08,5,9,10,25,10,1,24,19,21,12,82,252,19,86,6,3,3,16,109,35,60,H
2020-11-09,5,9,9,28,8,1,28,21,22,8,94,315,29,86,11,9,5,18,122,37,62,H
2020-11-10,4,17,15,28,8,1,33,20,27,13,90,357,23,93,17,11,7,22,129,37,63,H
2020-11-11,7,17,15,35,11,4,33,24,28,12,109,387,27,91,17,14,8,27,138,39,66,H
2020-11-12,6,20,12,34,11,5,34,27,27,15,119,399,26,96,18,15,11,27,146,42,75,H
2020-11-13,5,20,12,35,12,4,33,31,32,16,132,433,26,96,21,14,10,27,145,38,71,H
2020-11-14,5,20,12,38,12,4,33,31,32,16,132,433,26,88,21,14,10,27,145,42,69,H
2020-11-15,5,20,12,41,12,4,33,31,32,19,132,433,26,89,21,14,10,27,145,33,76,H
2020-11-16,7,26,1,44,14,5,30,27,41,19,148,470,36,96,21,14,13,27,173,36,79,H
2020-11-17,12,28,12,45,14,4,31,29,31,25,148,550,29,101,21,13,14,27,171,36,86,H
2020-11-18,9,27,10,46,17,4,29,32,34,23,148,569,33,99,17,14,15,41,177,38,91,H
2020-11-19,9,28,13,52,17,4,28,31,35,23,147,574,30,101,14,17,20,41,188,38,99,H
2020-11-20,9,26,15,51,11,4,32,33,31,30,145,581,31,104,0,15,24,39,191,35,89,H
2020-11-21,9,26,15,53,11,4,32,31,31,33,145,581,31,105,0,15,24,39,191,36,83,H
2020-11-22,9,26,15,54,11,4,32,36,31,34,145,581,31,106,0,15,24,39,191,29,87,H
2020-11-23,8,28,15,56,11,4,42,37,38,41,167,677,35,118,24,23,26,52,217,32,92,H
2020-11-24,6,30,12,53,11,5,45,35,40,39,172,686,40,118,23,24,28,45,209,31,89,H
2020-11-25,6,33,9,57,13,7,46,33,34,42,175,696,40,128,32,27,34,50,198,29,91,H
2020-11-26,7,30,13,55,13,11,51,34,33,43,184,696,40,129,26,24,36,49,196,30,84,H
2020-11-27,8,30,17,51,13,7,50,36,33,46,186,691,40,120,21,23,43,47,186,29,85,H
2020-11-28,8,30,17,61,13,7,50,30,33,47,186,691,40,112,21,23,43,47,186,29,80,H
2020-11-29,8,30,17,66,13,7,50,32,33,52,186,691,40,115,21,23,43,47,186,30,83,H
2020-11-30,9,33,20,67,13,11,48,32,34,51,208,722,35,121,19,26,64,47,202,29,85,H
2020-12-01,9,40,15,69,16,13,44,35,26,48,218,709,40,120,23,26,72,46,212,28,82,H
2020-12-02,11,39,14,68,15,14,41,30,25,47,209,711,36,114,23,22,65,45,214,34,78,H
2020-12-03,9,37,12,68,17,15,39,30,25,44,197,670,33,109,22,23,66,47,221,32,73,H
2020-12-04,7,35,17,77,14,17,49,29,29,41,192,666,30,117,24,23,64,44,231,31,67,H
2020-12-05,7,35,17,80,14,17,49,32,29,38,192,666,30,107,24,23,64,44,231,30,66,H
2020-12-06,7,35,17,87,14,17,49,34,29,38,192,666,30,104,24,23,64,44,231,26,69,H
2020-12-07,9,30,17,95,17,16,50,39,35,38,243,721,32,112,36,24,68,54,235,29,70,H
2020-12-08,15,29,11,80,17,16,50,37,33,40,260,736,34,117,34,25,71,55,256,30,70,H
2020-12-09,15,35,16,84,24,11,51,35,30,37,280,731,40,119,28,19,75,56,266,32,71,H
2020-12-10,12,37,12,84,19,12,55,31,27,35,279,746,33,127,29,21,81,56,269,31,67,H
2020-12-11,12,40,13,86,13,15,49,31,32,35,281,679,37,136,24,23,81,55,278,31,67,H
2020-12-12,12,40,13,90,13,15,49,31,32,35,281,679,37,127,24,23,81,55,278,31,67,H
2020-12-13,12,40,13,94,13,15,49,30,32,34,281,679,37,127,24,23,81,55,278,35,73,H
2020-12-14,20,49,11,101,13,15,60,26,40,30,333,714,40,126,29,25,73,48,337,34,82,H
2020-12-15,22,44,7,94,13,15,62,32,33,32,346,731,37,133,26,27,67,53,364,39,85,H
2020-12-16,22,46,8,93,18,13,60,27,40,31,372,712,40,133,26,31,78,43,371,35,83,H
2020-12-17,22,48,11,92,22,18,56,27,48,18,384,679,35,132,29,32,81,50,377,32,80,H
2020-12-18,25,50,12,94,25,11,62,27,46,21,381,687,33,136,28,26,81,52,365,32,80,H
2020-12-19,25,50,12,97,25,11,62,25,46,21,381,687,33,128,28,26,83,52,365,33,91,H
2020-12-20,25,50,12,99,25,11,62,25,46,21,381,687,33,126,28,26,83,52,365,33,91,H
2020-12-21,27,46,15,99,33,11,73,31,52,14,406,736,41,133,26,28,78,55,430,36,95,H
2020-12-22,30,45,13,97,34,11,71,35,58,16,405,726,36,132,27,25,80,54,430,37,91,H
2020-12-23,25,42,13,89,31,15,71,34,52,24,406,686,40,139,26,29,73,44,438,36,103,H
2020-12-24,25,42,13,94,31,15,71,34,52,24,406,686,40,126,26,29,73,44,438,36,103,H
2020-12-25,25,42,13,94,31,15,71,34,52,24,406,686,40,124,26,29,73,44,438,36,103,H
2020-12-26,25,42,13,94,31,15,71,34,54,24,406,686,40,127,26,29,73,44,438,36,103,H
2020-12-27,25,42,13,94,31,15,68,36,54,25,406,686,51,132,26,29,73,44,438,33,102,H
2020-12-28,21,52,16,96,32,17,73,41,56,26,482,686,57,144,35,25,79,43,466,34,108,H
2020-12-29,25,54,14,87,36,16,63,34,53,26,511,679,55,135,33,21,76,42,444,38,112,H
2020-12-30,24,50,18,93,44,15,65,38,57,25,522,663,52,128,36,29,78,43,444,37,106,H
2020-12-31,24,50,18,93,44,15,65,38,57,25,522,663,52,131,36,29,78,43,444,37,106,H
2021-01-01,24,50,18,93,44,15,65,38,57,25,522,663,52,127,36,29,78,43,444,37,106,H
2021-01-02,24,50,18,93,44,15,65,40,57,25,522,663,52,130,36,29,78,43,444,37,106,H
2021-01-03,24,50,18,93,44,15,65,40,57,25,522,663,52,135,36,29,78,43,469,37,106,H
2021-01-04,34,48,11,79,55,16,70,48,59,16,541,670,63,141,33,30,82,38,475,32,102,H
2021-01-05,33,47,13,69,47,13,72,51,56,24,559,667,63,139,30,30,82,41,457,32,103,H
2021-01-06,33,47,13,69,47,13,67,49,56,28,559,667,54,123,30,30,79,41,457,35,93,H
2021-01-07,37,47,11,56,44,9,75,46,59,29,568,623,57,127,30,30,76,42,432,34,99,H
2021-01-08,33,49,11,56,46,12,75,46,52,29,537,601,57,126,30,33,76,44,432,34,99,H
2021-01-09,33,49,11,56,46,12,75,46,52,29,537,601,57,120,30,33,76,44,432,34,99,H
2021-01-10,33,49,11,44,46,12,80,42,52,38,537,601,54,122,30,33,78,44,436,39,105,H
2021-01-11,36,51,8,47,43,14,81,50,53,39,509,586,51,119,28,30,75,41,433,42,109,H
2021-01-12,40,48,9,43,42,13,81,41,57,40,506,570,45,117,26,24,71,40,420,46,111,H
2021-01-13,43,46,9,43,53,13,75,46,49,43,515,560,46,114,27,25,67,48,403,44,105,H
2021-01-14,41,43,9,42,48,15,70,41,49,46,465,535,43,109,31,35,70,41,395,44,108,H
2021-01-15,42,40,9,42,41,15,70,41,55,46,465,490,43,101,34,31,70,40,395,44,108,H
2021-01-16,42,40,9,42,41,15,70,41,55,46,465,490,43,95,34,31,70,40,395,44,108,H
2021-01-17,42,40,9,42,41,15,63,32,55,44,465,490,53,95,34,31,64,40,393,29,103,H
2021-01-18,42,40,9,27,41,15,63,32,55,44,465,484,53,100,34,25,64,40,400,29,103,H
2021-01-19,40,35,4,24,54,12,75,36,45,37,411,478,47,92,30,25,51,45,385,40,93,H
2021-01-20,42,31,5,31,55,9,73,39,41,33,378,451,39,99,29,16,58,36,364,39,82,H
2021-01-21,37,36,5,15,43,9,69,42,42,36,374,433,38,92,32,18,57,34,360,41,81,H
2021-01-22,33,38,9,15,44,11,69,42,44,36,351,407,38,91,27,18,59,32,360,41,81,H
2021-01-23,33,38,9,15,44,11,68,44,44,31,351,407,37,85,27,18,59,32,360,41,78,H
2021-01-24,33,38,9,18,44,11,68,44,44,31,351,407,37,84,27,18,59,32,373,41,78,H
2021-01-25,33,39,12,17,46,10,67,44,45,31,357,410,34,86,31,14,59,27,369,36,83,H
2021-01-26,31,35,10,16,41,10,63,47,40,40,345,394,39,82,30,12,55,30,352,33,83,H
2021-01-27,25,33,10,16,44,9,66,44,37,28,313,381,35,80,25,13,58,25,339,38,88,H
2021-01-28,21,33,9,16,42,8,66,38,37,28,297,368,35,74,24,14,58,26,339,38,88,H
2021-01-29,16,28,8,16,40,7,66,38,37,28,291,336,35,78,25,14,58,15,339,38,88,H
2021-01-30,16,28,8,16,40,7,66,38,37,24,291,336,35,78,25,14,58,15,339,38,88,H
2021-01-31,16,28,8,16,40,7,68,48,37,24,291,336,30,78,25,14,47,15,310,27,80,H
2021-02-01,21,23,8,20,37,8,61,44,41,25,269,324,29,79,24,17,51,21,315,28,78,H
2021-02-02,21,23,7,24,37,7,58,44,41,25,269,323,29,82,20,18,51,21,290,28,73,H
2021-02-03,22,21,6,24,39,4,51,36,32,21,220,299,34,85,19,17,50,17,283,27,75,H
2021-02-04,22,21,3,24,38,4,49,36,32,21,220,299,34,81,21,17,50,14,273,27,70,H
2021-02-05,21,19,6,25,30,5,49,25,29,19,197,276,33,79,21,15,47,13,273,17,70,H
2021-02-06,21,19,6,25,30,5,49,25,29,19,197,276,33,65,21,15,47,13,273,17,70,H
2021-02-07,21,19,6,25,30,5,52,30,29,19,197,276,31,67,21,15,47,13,287,15,65,H
2021-02-08,21,20,7,28,25,4,54,31,28,18,184,266,28,69,21,26,40,15,293,17,62,H
2021-02-09,20,18,4,24,29,4,56,23,28,20,186,242,28,67,20,30,39,16,289,17,58,H
2021-02-10,20,21,4,20,30,4,55,25,25,22,168,240,22,60,20,27,39,9,285,13,55,H
2021-02-11,19,22,5,18,36,3,49,24,21,21,166,236,22,61,23,28,39,13,285,15,56,H
2021-02-12,16,21,3,20,27,4,52,24,23,21,159,221,19,63,23,34,39,9,271,14,55,H
2021-02-13,16,21,3,20,27,4,52,24,23,21,159,221,19,57,23,34,39,9,271,14,55,H
2021-02-14,16,21,3,20,27,4,52,24,23,21,159,221,19,59,23,34,39,9,271,14,55,H
2021-02-15,17,18,2,28,26,2,56,16,27,20,162,233,20,57,22,31,41,8,292,11,57,H
2021-02-16,17,17,3,24,23,3,57,14,23,17,149,234,21,60,26,28,39,6,282,10,51,H
2021-02-17,18,16,3,21,20,1,62,15,25,18,145,227,27,64,22,36,37,11,273,11,48,H
2021-02-18,17,17,3,21,22,1,60,12,23,18,131,214,27,64,20,39,38,14,259,13,52,H
2021-02-19,14,15,2,21,20,1,51,13,25,16,143,222,22,56,23,40,42,14,248,16,46,H
2021-02-20,14,15,2,21,20,1,51,13,25,16,143,222,22,54,23,40,42,14,248,16,46,H
2021-02-21,14,15,2,21,20,1,54,16,25,16,143,222,22,56,23,40,42,14,248,14,44,H
2021-02-22,12,18,2,28,20,4,56,19,25,17,162,244,29,57,25,45,31,16,265,15,53,H
2021-02-23,11,19,3,29,20,3,55,22,24,20,151,242,29,58,24,45,34,14,254,14,48,H
2021-02-24,9,19,2,29,25,2,54,24,22,14,143,235,31,59,26,41,38,17,254,15,49,H
2021-02-25,9,19,2,30,26,3,48,20,23,14,140,246,30,55,22,44,31,14,245,10,47,H
2021-02-26,10,21,2,30,29,5,48,20,21,21,145,250,30,54,15,42,30,12,256,10,47,H
2021-02-27,10,21,2,30,29,5,48,20,21,21,145,250,30,51,15,42,30,12,256,10,47,H
2021-02-28,10,21,2,41,29,5,38,20,21,21,145,250,35,54,16,42,27,12,256,12,52,H
2021-03-01,10,22,3,45,36,5,47,19,25,30,161,267,29,59,14,50,37,12,273,20,53,H
2021-03-02,12,19,3,46,36,7,49,23,26,27,147,276,27,58,17,50,35,10,268,23,54,H
2021-03-03,10,24,3,43,38,5,41,23,21,31,141,270,30,60,20,52,33,14,263,22,50,H
2021-03-04,9,27,3,44,32,6,43,21,23,34,137,280,34,56,18,52,35,16,242,21,44,H
2021-03-05,8,28,4,47,32,5,47,23,22,34,123,295,35,56,19,53,37,12,233,20,42,H
2021-03-06,8,28,4,47,32,5,47,23,22,34,123,295,35,56,19,53,37,12,233,20,42,H
2021-03-07,8,28,4,57,32,5,48,28,22,34,123,295,35,62,19,53,37,12,233,15,49,H
2021-03-08,9,26,2,43,40,4,47,30,21,27,134,318,43,70,19,54,31,18,247,22,54,H
2021-03-09,11,23,3,44,45,4,54,29,20,30,131,312,39,72,17,57,28,23,247,20,49,H
2021-03-10,7,27,2,39,48,6,54,30,19,28,139,317,36,69,20,51,20,21,243,24,44,H
2021-03-11,5,29,3,34,34,7,49,27,18,32,140,321,34,72,17,52,18,20,252,20,48,H
2021-03-12,6,31,4,34,35,8,55,27,20,29,138,322,33,65,18,57,19,21,264,20,48,H
2021-03-13,6,31,4,34,35,8,55,27,20,29,138,322,33,65,18,57,19,21,264,20,48,H
2021-03-14,6,31,4,61,35,8,55,27,20,29,138,322,33,69,18,57,19,21,264,23,55,H
2021-03-15,8,34,3,61,36,6,57,29,20,24,147,358,35,76,28,47,20,25,284,26,60,H
2021-03-16,7,39,3,55,32,4,57,33,17,20,134,373,37,81,24,48,24,23,254,30,62,H
2021-03-17,6,38,4,47,31,3,58,33,17,17,124,367,35,76,26,48,27,24,247,31,61,H
2021-03-18,7,35,3,47,30,5,62,29,17,21,122,381,35,74,27,44,27,29,249,27,64,H
2021-03-19,5,39,4,59,29,6,41,32,17,20,122,376,36,78,26,43,25,28,254,26,61,H
2021-03-20,5,39,4,59,29,6,41,32,17,20,122,376,36,76,26,43,25,28,254,26,61,H
2021-03-21,5,39,4,59,29,6,42,36,17,20,122,376,36,74,26,43,29,28,254,35,67,H
2021-03-22,4,42,3,63,27,7,50,37,13,28,125,409,50,79,27,50,30,26,263,39,68,H
2021-03-23,6,42,2,55,34,10,48,36,15,22,132,415,49,83,25,51,30,25,273,35,64,H
2021-03-24,6,35,3,54,33,9,49,33,14,21,129,409,44,95,27,49,28,23,257,34,76,H
2021-03-25,6,39,4,48,35,8,56,35,14,20,125,399,48,99,23,47,33,22,241,31,74,H
2021-03-26,6,43,4,56,32,7,65,31,15,18,120,404,46,97,18,51,41,25,235,31,74,H
2021-03-27,6,43,4,56,32,7,65,31,15,18,120,404,46,92,18,51,41,25,235,31,74,H
2021-03-28,6,43,4,56,32,7,65,31,15,18,120,404,46,88,18,51,41,25,235,45,71,H
2021-03-29,8,43,8,48,36,8,65,34,15,18,118,424,46,90,18,41,41,25,235,45,76,H
2021-03-30,10,47,4,72,31,10,74,37,16,20,120,423,44,90,27,42,38,25,312,57,81,H
2021-03-31,11,47,4,59,27,8,70,38,13,19,120,421,49,86,30,39,42,24,311,52,78,H
2021-04-01,7,39,3,59,29,6,70,38,12,22,106,407,49,91,29,40,42,20,323,59,88,H
2021-04-02,7,39,3,59,29,6,70,38,12,22,106,407,49,94,29,40,42,20,323,59,88,H
2021-04-03,7,39,3,59,29,6,70,38,12,22,106,407,49,106,29,40,42,20,323,59,88,H
2021-04-04,7,39,3,59,29,6,70,38,12,22,106,407,49,114,29,40,42,20,323,59,88,H
2021-04-05,7,39,3,58,29,6,61,43,12,22,106,407,56,115,29,40,40,19,323,54,87,H
2021-04-06,8,50,6,59,29,9,58,40,22,30,141,476,53,130,28,39,41,19,319,56,87,H
2021-04-07,12,56,5,52,28,8,66,38,22,37,134,466,57,128,29,37,40,19,323,58,93,H
2021-04-08,12,60,5,60,29,8,61,38,21,30,128,482,59,131,26,35,40,22,308,55,93,H
2021-04-09,13,57,4,61,28,10,61,38,21,34,140,480,59,133,26,36,40,27,302,55,93,H
2021-04-10,13,57,4,61,28,10,61,38,21,34,140,480,59,140,26,36,40,27,302,55,93,H
2021-04-11,13,57,4,61,28,10,70,41,21,34,140,480,55,140,26,36,43,27,302,51,83,H
2021-04-12,10,62,7,52,29,12,61,46,21,37,139,482,64,136,37,28,54,23,329,58,84,H
2021-04-13,10,61,7,49,24,13,66,47,25,28,139,496,64,134,35,34,50,27,330,66,85,H
2021-04-14,9,63,4,59,26,14,68,44,24,33,129,479,58,127,34,27,54,23,314,67,88,H
2021-04-15,15,70,5,51,29,16,67,40,24,34,129,474,56,127,32,32,55,28,307,60,94,H
2021-04-16,14,65,6,51,32,17,67,40,24,42,140,481,56,133,30,17,55,27,294,60,94,H
2021-04-17,14,65,6,51,32,17,67,40,24,42,140,481,56,131,30,17,55,27,294,60,94,H
2021-04-18,14,65,6,51,32,17,67,40,24,42,140,481,56,137,30,17,55,27,294,60,94,H
2021-04-19,18,70,8,60,41,15,63,42,26,41,142,479,64,147,37,28,57,21,303,53,93,H
2021-04-20,17,66,5,52,39,21,62,47,26,41,144,480,62,143,37,28,58,21,290,52,83,H
2021-04-21,16,71,6,52,43,18,57,44,25,33,146,453,64,145,36,24,57,24,289,50,85,H
2021-04-22,16,77,8,52,45,16,55,36,31,30,142,428,69,140,43,23,63,25,298,47,95,H
2021-04-23,17,77,12,50,45,18,59,33,30,28,134,419,65,132,36,21,64,21,301,51,93,H
2021-04-24,17,77,12,50,45,18,59,33,30,28,134,419,65,124,36,21,64,21,301,51,93,H
2021-04-25,17,77,12,57,45,18,55,39,30,28,134,419,65,134,36,21,64,21,301,41,96,H
2021-04-26,15,73,9,52,44,16,43,47,40,28,136,391,64,139,44,27,60,27,291,43,101,H
2021-04-27,20,72,6,41,34,12,43,42,41,25,135,391,64,139,34,26,57,27,276,44,109,H
2021-04-28,19,73,6,45,28,10,46,41,35,28,131,366,61,134,31,28,51,25,270,48,114,H
2021-04-29,19,73,3,38,28,13,39,40,35,28,136,364,61,130,30,29,56,23,270,48,106,H
2021-04-30,19,67,3,38,28,13,39,40,38,32,136,364,62,135,30,29,56,23,270,42,106,H
2021-05-01,19,67,3,38,28,13,39,40,38,32,136,364,62,124,30,29,56,23,270,42,106,H
2021-05-02,19,67,3,44,28,13,42,34,38,32,136,364,63,127,30,29,57,23,270,50,106,H
2021-05-03,23,68,2,39,22,8,43,36,37,39,140,360,52,130,28,33,52,23,241,45,108,H
2021-05-04,23,65,2,39,22,8,37,42,34,38,138,364,52,118,30,31,54,26,216,46,103,H
2021-05-05,23,62,2,35,15,8,30,34,34,33,141,343,48,115,28,28,51,29,208,40,102,H
2021-05-06,23,62,2,35,15,8,30,34,34,33,141,343,48,112,28,28,51,29,208,40,102,H
2021-05-07,21,59,3,37,19,6,38,33,32,35,134,329,57,109,33,20,46,31,205,37,103,H
2021-05-08,21,59,3,37,19,6,38,33,32,35,134,329,57,97,33,20,46,31,205,37,103,H
2021-05-09,21,59,3,33,19,6,40,33,32,35,134,329,57,96,33,20,46,31,205,32,92,H
2021-05-10,22,64,5,30,18,8,41,30,29,39,134,333,54,100,33,17,48,31,216,33,96,H
2021-05-11,25,60,5,29,15,7,44,23,29,30,140,333,55,99,29,19,49,32,218,37,96,H
2021-05-12,24,60,7,25,18,9,45,27,28,29,122,293,53,85,25,16,50,27,208,38,89,H
2020-03-19,0,1,0,0,0,0,1,0,0,0,3,17,1,2,1,1,0,0,0,0,3,W
2020-03-20,0,1,0,0,0,0,1,0,0,0,3,20,0,2,2,1,0,0,0,0,4,W
2020-03-21,0,1,0,0,0,0,1,0,0,0,4,23,4,2,2,3,0,0,12,0,4,W
2020-03-22,0,1,0,1,0,0,1,0,0,0,3,28,7,2,1,3,0,0,8,1,6,W
2020-03-23,0,1,0,2,1,0,2,0,0,0,3,47,7,4,2,3,0,0,11,1,10,W
2020-03-24,0,2,0,4,2,0,3,0,0,0,6,48,6,4,1,3,0,0,12,2,13,W
2020-03-25,0,3,0,2,2,0,4,0,0,0,5,65,6,5,2,3,0,2,16,3,14,W
2020-03-26,0,6,0,3,2,0,5,1,0,0,6,69,15,7,2,3,0,3,19,3,17,W
2020-03-27,0,8,0,3,4,0,6,1,0,0,4,77,18,9,2,4,1,5,21,4,20,W
2020-03-28,0,8,0,3,4,0,6,1,0,0,4,85,18,7,2,5,1,7,24,4,20,W
2020-03-29,0,8,0,5,4,0,7,1,0,0,6,92,20,7,2,5,1,7,30,4,22,W
2020-03-30,0,12,1,7,6,1,7,1,0,0,6,108,25,9,2,5,2,7,36,4,23,W
2020-03-31,2,12,1,7,7,1,8,2,0,9,9,124,28,10,1,5,1,8,37,4,22,W
2020-04-01,1,12,1,10,7,1,7,3,0,9,10,130,26,11,1,6,3,8,44,4,21,W
2020-04-02,1,11,1,11,8,1,9,5,0,10,12,143,27,10,1,8,2,8,46,5,23,W
2020-04-03,2,12,1,13,8,1,9,4,0,11,11,157,27,15,1,8,2,8,40,6,25,W
2020-04-04,2,12,1,13,8,1,13,5,0,11,13,157,30,15,2,8,2,9,44,7,25,W
2020-04-05,2,12,0,15,8,2,15,5,1,11,16,168,32,19,2,9,2,10,42,8,25,W
2020-04-06,2,15,0,13,7,2,16,6,0,11,14,179,34,22,2,10,2,9,43,9,26,W
2020-04-07,2,15,1,13,8,2,14,6,0,10,14,191,34,22,2,10,2,9,44,11,24,W
2020-04-08,2,16,1,14,8,2,16,6,0,10,17,198,35,24,4,11,2,8,44,14,22,W
2020-04-09,2,15,0,15,7,2,17,6,2,9,16,203,32,24,5,11,2,10,49,14,24,W
2020-04-10,2,15,0,16,7,3,19,5,2,10,18,209,31,23,7,12,4,9,52,15,23,W
2020-04-11,2,15,0,15,7,3,19,5,2,10,20,213,32,22,8,9,4,9,62,16,21,W
2020-04-12,2,13,1,17,7,3,18,5,2,11,21,220,31,22,9,8,4,8,63,18,21,W
2020-04-13,2,13,1,15,9,3,18,7,2,11,23,222,33,21,8,10,4,8,66,19,22,W
2020-04-14,4,15,1,15,7,4,18,8,2,10,22,218,32,22,9,9,4,9,68,17,24,W
2020-04-15,3,15,2,15,6,4,16,8,2,10,23,224,32,22,9,9,5,7,71,19,24,W
2020-04-16,2,16,2,16,8,4,16,7,2,10,22,221,31,25,8,9,6,7,69,19,22,W
2020-04-17,2,15,2,16,7,4,17,8,3,10,19,223,30,24,7,10,7,5,66,18,23,W
2020-04-18,2,15,2,15,7,3,16,7,3,10,23,222,32,26,8,10,6,7,69,17,26,W
2020-04-19,2,15,2,16,7,3,17,6,3,11,22,217,30,20,8,10,5,7,67,17,28,W
2020-04-20,0,14,2,17,7,3,20,8,3,12,22,229,30,23,8,10,5,8,67,20,31,W
2020-04-21,0,13,2,17,6,3,20,8,2,14,21,216,27,23,8,11,8,8,67,18,28,W
2020-04-22,0,13,2,16,5,3,19,7,2,14,22,210,26,23,8,12,8,7,71,18,29,W
2020-04-23,0,13,2,15,5,4,17,6,2,13,24,225,27,22,9,12,8,9,79,18,29,W
2020-04-24,0,13,2,15,5,4,17,6,2,14,21,225,26,20,8,12,8,10,85,16,28,W
2020-04-25,0,13,2,15,5,4,20,6,4,14,23,227,26,21,8,12,7,9,91,16,28,W
2020-04-26,0,13,2,14,5,4,18,5,4,14,22,219,24,21,9,12,8,10,91,20,27,W
2020-04-27,0,13,2,15,4,5,19,5,6,13,20,214,25,21,8,13,11,9,84,19,27,W
2020-04-28,0,14,2,16,4,5,18,5,7,14,22,203,24,23,8,13,11,8,86,18,28,W
2020-04-29,0,14,2,17,7,5,20,5,5,13,21,207,24,22,8,11,12,9,91,20,28,W
2020-04-30,0,14,0,16,7,4,20,6,5,11,22,195,24,21,10,11,11,10,88,17,29,W
2020-05-01,0,14,1,16,7,4,21,6,5,11,22,191,24,21,8,10,10,10,90,19,28,W
2020-05-02,0,14,2,16,6,4,20,7,5,11,20,193,25,17,7,9,9,10,96,19,28,W
2020-05-03,0,14,1,16,6,4,19,7,5,11,21,193,23,15,6,9,8,12,94,22,26,W
2020-05-04,0,10,1,17,7,3,20,6,3,10,19,192,23,17,6,9,9,12,96,24,27,W
2020-05-05,0,13,1,16,8,3,19,7,3,8,19,182,22,16,6,9,9,12,96,24,24,W
2020-05-06,0,13,1,15,7,4,18,6,3,8,19,184,20,13,5,9,9,12,97,23,21,W
2020-05-07,0,12,1,15,7,5,18,7,3,10,20,173,20,14,8,9,10,12,91,23,22,W
2020-05-08,0,11,1,15,7,5,17,7,4,8,22,165,20,15,9,8,10,11,91,20,21,W
2020-05-09,0,11,1,15,7,5,16,6,4,8,24,165,18,17,9,7,10,11,89,21,20,W
2020-05-10,0,11,1,15,7,5,17,5,4,8,20,165,16,14,8,6,10,11,83,23,19,W
2020-05-11,0,11,1,15,6,8,17,4,3,9,23,150,16,15,6,6,10,9,86,22,20,W
2020-05-12,0,12,1,14,5,7,18,4,3,8,20,150,16,12,5,6,10,9,83,21,22,W
2020-05-13,0,12,1,14,4,7,14,4,3,7,21,146,16,11,5,4,10,9,89,20,18,W
2020-05-14,0,11,1,13,4,7,13,4,3,7,21,146,16,10,5,4,10,9,84,18,17,W
2020-05-15,1,11,1,13,5,6,13,2,3,8,18,144,16,13,6,4,12,8,76,16,15,W
2020-05-16,1,11,1,13,5,6,10,2,3,7,19,144,16,14,5,4,11,9,73,16,13,W
2020-05-17,1,11,1,14,5,6,8,3,3,9,18,144,17,14,4,4,10,10,76,16,13,W
2020-05-18,1,10,1,14,5,4,11,3,3,9,19,134,18,14,4,4,10,9,81,18,13,W
2020-05-19,1,9,0,13,4,5,10,2,3,8,18,128,18,14,4,4,9,10,79,17,13,W
2020-05-20,1,10,0,13,4,5,10,1,5,7,18,125,17,15,3,5,10,10,79,16,13,W
2020-05-21,1,10,0,11,4,5,10,1,5,7,17,125,15,14,3,4,10,10,77,16,15,W
2020-05-22,1,10,0,12,3,4,11,1,5,7,16,125,16,14,3,2,10,9,76,17,14,W
2020-05-23,1,10,0,12,3,4,11,1,5,8,18,125,15,14,3,4,8,9,66,16,14,W
2020-05-24,1,10,0,15,3,4,11,0,5,7,21,125,14,16,2,4,9,9,69,16,14,W
2020-05-25,1,7,0,18,6,4,10,0,7,6,21,108,14,14,2,5,11,10,73,16,15,W
2020-05-26,1,6,0,15,5,4,10,0,6,5,20,113,10,15,2,5,9,10,73,16,14,W
2020-05-27,1,4,0,15,7,4,11,0,7,5,18,108,10,17,1,5,8,8,65,15,13,W
2020-05-28,1,4,0,15,7,4,13,0,7,5,19,107,10,16,1,5,8,8,66,15,11,W
2020-05-29,1,3,0,14,7,4,12,1,6,5,19,106,11,15,0,5,7,8,67,14,10,W
2020-05-30,1,3,0,13,7,4,11,1,6,5,16,106,11,15,2,5,7,9,64,15,9,W
2020-05-31,1,3,0,13,7,4,13,0,6,5,16,106,10,18,2,5,7,9,68,15,9,W
2020-06-01,1,3,0,13,5,4,13,0,6,5,12,107,10,19,3,5,7,9,66,14,11,W
2020-06-02,1,2,0,12,4,4,13,0,6,5,14,105,10,17,2,6,8,8,65,15,12,W
2020-06-03,2,3,0,12,3,4,13,2,5,3,16,101,12,19,2,5,6,8,66,17,12,W
2020-06-04,2,3,0,16,4,3,14,3,4,2,15,92,13,17,3,4,6,9,62,16,11,W
2020-06-05,2,3,0,14,4,2,14,4,4,2,14,90,13,17,2,4,6,9,57,17,12,W
2020-06-06,2,3,0,15,4,2,12,4,4,3,18,90,11,16,2,4,5,8,61,15,14,W
2020-06-07,2,3,0,15,4,2,13,4,4,5,15,90,11,14,4,4,5,10,65,14,15,W
2020-06-08,2,3,0,16,4,4,13,4,4,5,15,84,11,14,4,4,4,9,65,13,15,W
2020-06-09,1,3,0,15,5,3,14,6,5,5,17,83,9,13,4,4,5,8,52,13,15,W
2020-06-10,1,4,0,15,5,3,10,6,5,4,19,80,8,14,4,5,6,8,57,12,13,W
2020-06-11,1,5,0,15,5,3,10,6,4,4,17,79,7,13,5,3,6,8,55,11,13,W
2020-06-12,1,6,0,14,5,3,9,6,4,5,18,79,7,13,5,3,6,8,52,11,12,W
2020-06-13,1,6,0,14,5,3,7,4,4,5,14,79,7,13,4,3,7,7,49,12,12,W
2020-06-14,1,6,0,15,5,3,8,4,4,5,15,79,7,15,5,3,7,6,50,12,13,W
2020-06-15,1,5,0,13,5,2,8,4,4,6,14,62,7,17,5,5,8,6,49,12,11,W
2020-06-16,1,5,0,13,4,2,9,5,5,7,15,58,7,12,6,2,8,5,48,14,11,W
2020-06-17,1,4,0,15,4,2,8,5,5,7,14,57,8,12,7,4,7,5,44,13,10,W
2020-06-18,2,3,0,14,3,2,9,5,5,5,15,56,8,9,7,4,6,5,47,12,7,W
2020-06-19,2,3,0,12,3,2,8,4,5,6,12,56,8,11,4,4,6,5,47,12,7,W
2020-06-20,2,3,0,12,3,2,8,4,4,7,14,56,8,9,3,4,6,5,47,11,7,W
2020-06-21,2,3,0,10,3,2,8,4,4,7,13,56,8,10,3,4,6,4,47,11,7,W
2020-06-22,3,3,0,10,3,2,8,4,5,9,14,45,8,9,3,3,6,3,47,11,7,W
2020-06-23,3,3,0,11,3,2,9,3,4,8,17,45,7,11,3,3,7,4,43,10,7,W
2020-06-24,3,3,1,9,3,2,9,3,3,8,13,45,6,10,3,3,7,4,43,8,6,W
2020-06-25,2,3,1,7,3,2,11,3,4,8,11,41,6,9,3,2,6,4,40,8,7,W
2020-06-26,3,3,1,5,2,2,9,3,4,8,9,41,6,10,3,2,6,4,39,7,7,W
2020-06-27,3,3,1,5,2,2,7,2,4,7,8,41,6,8,3,2,6,4,39,7,7,W
2020-06-28,3,3,1,4,2,2,6,3,4,8,9,41,6,8,3,2,6,4,39,5,7,W
2020-06-29,2,3,1,4,4,2,6,3,4,7,7,40,3,7,3,1,7,4,37,5,7,W
2020-06-30,2,3,1,5,3,1,8,3,3,8,7,40,3,4,3,1,6,5,35,5,6,W
2020-07-01,2,3,1,5,2,1,7,2,4,7,5,40,3,4,4,0,5,5,33,3,6,W
2020-07-02,1,3,1,5,2,0,6,2,4,8,4,35,4,3,4,0,4,5,33,3,6,W
2020-07-03,1,3,1,4,2,0,6,2,4,8,6,35,4,5,4,0,4,4,37,3,5,W
2020-07-04,1,3,1,3,2,0,6,3,4,7,6,35,4,8,4,0,4,4,37,4,5,W
2020-07-05,1,3,1,3,2,0,6,3,4,7,6,35,4,5,4,0,4,4,37,4,5,W
2020-07-06,1,3,1,3,2,0,5,3,3,6,5,32,6,5,3,0,4,4,33,3,5,W
2020-07-07,1,3,1,3,2,0,5,2,2,5,5,32,5,6,3,0,3,4,30,3,4,W
2020-07-08,1,3,1,2,2,0,4,2,2,5,4,32,3,6,3,0,2,2,27,3,4,W
2020-07-09,1,2,1,2,2,0,5,2,2,4,4,26,3,7,2,0,2,2,27,3,4,W
2020-07-10,1,2,1,3,2,0,5,2,2,4,4,26,3,6,2,0,2,2,24,2,4,W
2020-07-11,1,2,1,3,2,0,5,3,2,5,2,26,3,4,2,0,2,2,24,1,4,W
2020-07-12,1,2,1,3,2,0,6,3,2,4,3,26,3,3,2,0,2,2,24,1,4,W
2020-07-13,1,2,1,3,2,0,5,2,2,5,4,24,3,3,2,0,2,2,23,1,4,W
2020-07-14,1,2,1,3,2,1,5,2,2,5,6,24,2,2,2,0,2,2,18,1,3,W
2020-07-15,1,2,1,2,2,1,5,2,2,4,3,24,2,2,2,0,1,2,17,1,3,W
2020-07-16,1,2,1,1,1,1,4,2,2,4,2,17,2,3,2,0,1,2,15,1,3,W
2020-07-17,1,2,1,1,0,1,4,2,2,4,3,17,2,3,2,1,1,2,15,1,3,W
2020-07-18,1,2,1,1,0,1,4,2,2,3,2,17,2,3,2,1,1,1,15,1,3,W
2020-07-19,1,2,1,2,0,1,4,1,2,3,3,17,2,2,2,1,1,1,15,2,3,W
2020-07-20,1,2,1,2,0,1,5,1,2,4,2,11,2,3,2,1,1,1,13,2,3,W
2020-07-21,1,2,1,1,0,1,4,0,2,3,2,11,1,3,1,1,1,1,13,2,3,W
2020-07-22,1,2,1,1,0,1,4,0,2,2,2,11,1,2,1,1,0,0,11,2,2,W
2020-07-23,1,2,1,1,1,2,4,0,2,1,2,17,1,1,1,1,0,0,11,2,2,W
2020-07-24,1,2,1,1,1,2,4,0,2,1,1,17,1,1,1,0,0,0,8,2,2,W
2020-07-25,1,2,1,1,1,2,4,0,2,2,2,17,1,1,1,0,0,0,8,2,2,W
2020-07-26,1,2,1,1,1,2,4,0,2,2,1,17,1,1,1,0,0,0,8,1,2,W
2020-07-27,1,2,0,1,1,1,3,0,2,2,2,18,1,1,2,0,0,0,8,1,2,W
2020-07-28,1,2,0,0,1,1,3,0,2,2,1,18,1,1,2,0,0,0,8,1,2,W
2020-07-29,1,2,0,0,1,1,3,0,0,0,1,18,0,1,2,0,0,0,7,1,1,W
2020-07-30,1,2,0,0,1,1,3,0,0,1,2,11,0,1,2,0,0,0,8,1,1,W
2020-07-31,1,2,0,0,1,1,1,0,0,1,2,11,0,1,2,0,0,0,8,1,1,W
2020-08-01,1,2,0,0,1,1,1,0,0,1,2,11,0,1,2,0,0,0,8,1,1,W
2020-08-02,1,2,0,0,1,1,1,0,0,3,2,11,0,1,2,0,0,0,8,1,1,W
2020-08-03,1,2,0,0,1,1,2,0,0,3,2,8,0,1,2,1,0,0,8,1,1,W
2020-08-04,1,2,0,0,1,1,2,0,0,3,2,8,0,0,2,1,0,0,9,1,1,W
2020-08-05,1,2,0,0,0,1,2,0,0,2,2,8,0,1,2,1,0,0,8,2,1,W
2020-08-06,1,1,0,0,0,1,1,0,0,2,3,7,0,1,2,1,0,0,9,2,0,W
2020-08-07,1,1,0,0,0,2,1,0,0,3,2,7,0,0,2,1,0,0,7,2,0,W
2020-08-08,1,1,0,0,0,2,1,0,0,2,2,7,0,0,2,1,0,0,7,2,1,W
2020-08-09,1,1,0,0,0,2,1,0,0,2,2,7,0,0,2,1,0,0,7,2,1,W
2020-08-10,1,1,0,0,1,2,0,0,0,2,3,8,0,0,2,0,0,0,7,2,2,W
2020-08-11,1,1,0,0,1,2,0,0,0,2,4,8,0,0,2,0,0,0,7,2,2,W
2020-08-12,1,1,0,0,1,2,0,0,0,2,5,8,0,0,2,0,0,0,7,2,2,W
2020-08-13,1,0,0,0,0,2,0,0,0,2,4,13,0,0,2,0,0,0,7,1,1,W
2020-08-14,1,0,0,0,0,2,0,0,0,2,4,13,0,0,2,0,0,0,6,0,1,W
2020-08-15,1,0,0,0,0,2,0,0,0,1,4,13,0,0,2,0,0,0,6,0,0,W
2020-08-16,1,0,0,0,0,2,0,0,0,1,4,13,0,0,2,0,0,0,6,0,0,W
2020-08-17,1,0,0,0,0,2,0,0,0,1,4,14,0,0,1,0,0,0,9,0,0,W
2020-08-18,1,0,1,0,0,1,0,0,0,0,3,14,0,0,1,0,0,0,7,0,0,W
2020-08-19,1,0,1,0,0,1,0,0,0,0,3,14,0,0,1,0,0,0,8,0,0,W
2020-08-20,1,0,1,0,0,1,0,0,0,1,3,11,0,0,0,0,0,0,8,0,1,W
2020-08-21,1,0,1,0,0,1,0,0,0,0,3,11,0,0,0,0,0,0,8,0,1,W
2020-08-22,1,0,1,0,0,1,0,0,0,0,3,11,0,0,0,0,0,0,8,0,1,W
2020-08-23,1,0,1,0,0,1,0,0,0,0,3,11,0,0,0,0,0,0,8,0,1,W
2020-08-24,2,0,1,0,0,0,0,0,0,0,3,8,0,0,0,0,0,0,8,0,0,W
2020-08-25,2,0,1,0,0,0,0,0,0,0,3,8,0,0,0,0,0,0,7,0,0,W
2020-08-26,2,0,1,0,0,0,0,0,0,0,3,8,0,0,0,0,0,0,7,0,0,W
2020-08-27,2,0,1,0,0,0,0,0,0,0,3,7,0,0,0,0,0,0,6,0,0,W
2020-08-28,2,0,1,0,0,0,0,0,0,0,3,7,0,0,0,0,0,0,6,0,0,W
2020-08-29,2,0,1,0,0,0,0,0,0,0,3,7,0,0,0,0,0,0,6,0,1,W
2020-08-30,2,0,1,0,0,0,0,0,0,0,3,7,0,0,0,0,0,0,6,0,1,W
2020-08-31,2,0,1,0,0,0,0,0,0,0,3,6,0,0,0,0,0,0,6,0,0,W
2020-09-01,2,0,1,0,0,0,0,0,0,0,3,6,0,0,0,0,0,0,5,0,0,W
2020-09-02,2,0,1,0,0,0,0,0,0,0,2,6,0,0,0,0,0,0,6,0,0,W
2020-09-03,2,0,1,0,0,0,0,0,0,0,3,5,0,0,0,0,0,0,4,0,0,W
2020-09-04,2,0,0,0,1,0,0,0,0,0,3,5,0,1,0,0,0,0,2,0,0,W
2020-09-05,2,0,0,0,1,0,0,0,0,0,3,5,0,1,0,0,0,0,2,0,0,W
2020-09-06,2,0,0,0,1,0,0,0,0,0,3,5,0,1,0,0,0,0,2,0,0,W
2020-09-07,2,0,0,0,1,0,0,0,0,0,3,2,0,1,0,0,0,0,3,0,0,W
2020-09-08,2,1,0,0,1,0,0,0,0,0,3,2,0,1,0,0,0,0,4,0,0,W
2020-09-09,2,1,0,0,1,0,0,0,0,0,4,2,0,0,0,0,0,0,4,0,0,W
2020-09-10,2,1,0,0,1,0,0,0,0,0,3,3,0,0,0,0,0,0,5,0,0,W
2020-09-11,2,1,0,0,1,0,0,0,0,0,3,3,0,0,0,0,0,0,4,0,0,W
2020-09-12,2,1,0,0,1,0,0,0,0,0,4,3,0,0,0,0,0,0,4,0,0,W
2020-09-13,2,1,0,0,1,0,0,0,0,0,4,3,0,0,0,0,0,0,4,0,0,W
2020-09-14,2,1,0,0,1,0,0,0,0,0,3,2,0,0,0,0,0,0,6,1,0,W
2020-09-15,2,1,0,0,1,0,0,0,0,0,3,2,0,0,0,0,0,0,7,0,0,W
2020-09-16,1,1,0,0,1,0,0,0,1,0,4,2,0,0,0,0,0,0,6,0,0,W
2020-09-17,0,1,0,0,1,0,0,0,1,0,3,2,0,0,0,0,0,0,7,0,0,W
2020-09-18,1,1,0,1,1,0,0,0,1,0,3,3,0,0,0,0,0,0,6,0,0,W
2020-09-19,1,1,0,3,1,0,0,0,1,0,3,3,0,1,0,0,0,0,6,0,0,W
2020-09-20,1,1,0,3,1,0,0,0,1,0,3,3,0,0,0,0,0,0,6,0,0,W
2020-09-21,1,1,0,3,1,0,0,0,1,0,3,3,0,0,0,0,0,0,4,0,0,W
2020-09-22,1,1,0,3,1,0,0,0,1,0,3,2,0,0,0,0,0,0,4,0,0,W
2020-09-23,1,1,0,3,0,0,0,0,1,0,2,2,0,0,0,0,0,0,5,0,0,W
2020-09-24,1,1,0,3,0,0,0,0,0,0,3,2,0,0,0,0,0,0,5,0,0,W
2020-09-25,1,1,0,4,0,0,0,0,0,0,3,6,0,0,0,0,0,0,5,0,0,W
2020-09-26,1,1,0,4,0,0,0,0,0,0,2,6,0,0,0,0,0,0,5,0,0,W
2020-09-27,1,1,0,3,0,0,0,0,0,0,2,6,0,0,0,0,0,0,5,0,0,W
2020-09-28,1,1,0,3,0,0,0,0,0,0,2,6,0,0,0,0,0,0,3,0,0,W
2020-09-29,1,2,0,3,0,0,0,0,0,0,2,5,0,1,0,0,0,0,3,0,0,W
2020-09-30,1,2,0,3,0,0,0,0,0,0,2,5,0,1,0,0,0,0,3,0,0,W
2020-10-01,1,2,0,3,0,0,0,0,0,0,1,5,0,1,0,0,0,0,3,0,0,W
2020-10-02,1,2,0,3,0,0,0,0,0,1,2,6,0,2,0,0,0,0,4,0,0,W
2020-10-03,1,2,0,3,0,0,0,0,0,1,2,6,0,2,0,0,0,0,4,0,0,W
2020-10-04,1,2,0,2,0,0,0,0,0,1,2,6,0,2,0,0,0,0,4,0,0,W
2020-10-05,1,2,0,2,1,0,0,0,0,1,2,6,0,3,0,0,0,0,4,0,0,W
2020-10-06,1,1,0,2,1,1,1,0,0,0,3,4,0,3,0,0,0,0,4,0,0,W
2020-10-07,1,1,0,2,1,2,1,0,0,0,4,4,0,3,0,0,0,0,5,0,0,W
2020-10-08,1,1,0,2,1,2,1,0,0,0,2,4,0,4,0,0,0,0,5,0,0,W
2020-10-09,1,1,0,2,1,2,0,0,0,0,2,4,0,4,0,0,0,0,6,0,0,W
2020-10-10,1,1,0,2,1,2,0,0,0,0,2,4,0,4,0,0,0,0,6,0,0,W
2020-10-11,1,1,0,2,1,2,0,0,0,0,1,4,0,3,0,0,0,0,6,0,0,W
2020-10-12,1,1,0,2,1,2,0,0,0,0,1,4,0,6,0,0,0,0,6,0,0,W
2020-10-13,1,0,0,2,1,2,0,0,0,0,1,6,0,6,0,0,0,0,6,0,0,W
2020-10-14,1,0,0,2,1,1,0,0,1,0,1,6,0,5,0,0,0,0,6,0,0,W
2020-10-15,1,0,0,1,1,1,0,0,1,0,2,6,0,4,0,0,0,0,6,0,0,W
2020-10-16,1,0,0,1,1,1,0,0,1,0,2,6,0,6,0,0,0,0,8,0,0,W
2020-10-17,1,0,0,1,1,1,0,0,1,0,2,6,0,8,0,0,0,0,8,0,2,W
2020-10-18,1,0,0,1,1,1,0,0,1,0,2,6,0,8,0,0,0,0,8,0,1,W
2020-10-19,1,0,0,1,1,0,1,0,1,1,2,6,0,8,0,0,0,0,6,0,2,W
2020-10-20,1,0,0,1,1,0,1,0,1,2,2,5,0,8,0,0,0,0,6,0,2,W
2020-10-21,1,0,0,1,1,0,2,0,2,2,3,5,0,9,0,0,0,0,6,0,2,W
2020-10-22,1,0,0,1,1,0,2,0,2,2,4,5,0,10,1,0,0,0,6,0,2,W
2020-10-23,1,0,0,1,1,0,2,0,2,2,5,5,0,10,1,0,0,0,4,0,2,W
2020-10-24,1,0,0,1,1,0,2,0,2,2,7,5,0,9,1,0,0,0,4,0,2,W
2020-10-25,1,0,0,1,1,0,2,0,2,3,5,9,0,10,1,0,0,0,4,0,2,W
2020-10-26,1,0,0,1,2,0,2,0,2,3,5,9,0,9,1,0,0,0,7,1,2,W
2020-10-27,1,0,0,1,2,1,3,0,3,4,6,14,1,10,1,0,0,0,7,1,2,W
2020-10-28,1,0,0,0,1,1,3,0,2,2,5,14,3,9,1,1,0,0,8,1,4,W
2020-10-29,1,1,0,0,1,2,5,0,2,1,6,14,3,9,2,0,0,0,8,1,4,W
2020-10-30,1,1,0,0,1,2,3,0,2,2,5,15,2,9,2,0,0,1,7,1,4,W
2020-10-31,1,1,0,0,1,2,3,0,2,3,6,15,2,9,2,0,0,2,7,1,4,W
2020-11-01,1,1,0,0,1,2,3,0,2,2,6,15,2,9,2,0,0,2,7,1,4,W
2020-11-02,2,1,0,0,2,1,4,1,3,2,5,20,1,10,2,0,0,2,9,4,5,W
2020-11-03,2,2,0,1,2,0,1,1,3,2,5,22,1,12,2,0,0,2,14,4,5,W
2020-11-04,2,2,0,2,1,0,4,1,3,2,7,24,4,10,2,0,0,1,16,3,6,W
2020-11-05,2,2,0,2,1,0,3,1,3,3,9,22,5,9,1,0,0,1,17,3,6,W
2020-11-06,2,2,0,2,1,0,3,1,2,3,9,21,5,9,1,0,0,1,18,3,7,W
2020-11-07,2,2,0,2,1,0,3,0,2,3,15,21,5,10,1,0,0,1,18,4,8,W
2020-11-08,2,2,0,2,1,0,3,0,2,3,15,21,5,11,1,0,0,1,18,4,8,W
2020-11-09,1,2,0,2,0,0,4,0,4,3,17,34,6,11,1,0,0,1,24,3,9,W
2020-11-10,1,3,0,2,0,0,4,1,2,2,16,36,8,11,1,0,0,0,28,3,9,W
2020-11-11,1,3,0,2,1,0,4,2,2,3,13,34,8,11,1,1,0,0,24,3,9,W
2020-11-12,1,3,0,2,1,0,4,1,1,2,15,36,8,9,1,1,0,2,25,3,8,W
2020-11-13,1,3,0,3,0,0,4,1,1,2,15,38,7,9,1,1,0,2,26,2,8,W
2020-11-14,1,3,0,4,0,0,4,1,1,2,15,38,7,13,1,1,0,2,26,3,10,W
2020-11-15,1,3,0,3,0,0,4,1,1,2,15,38,7,14,1,1,0,2,26,3,10,W
2020-11-16,1,3,0,3,0,0,8,2,1,3,15,49,7,15,1,2,2,2,29,4,9,W
2020-11-17,1,4,1,4,0,1,9,2,1,2,16,48,7,14,1,2,4,2,32,6,9,W
2020-11-18,1,5,1,4,1,1,10,2,3,2,15,48,9,17,1,2,4,2,35,7,8,W
2020-11-19,1,5,1,4,1,2,8,2,3,2,21,46,9,17,3,3,4,0,32,6,10,W
2020-11-20,0,5,1,4,2,2,9,2,2,4,22,47,8,17,0,2,4,0,32,4,10,W
2020-11-21,0,5,1,5,2,2,9,2,2,4,22,47,8,16,0,2,4,0,32,6,10,W
2020-11-22,0,5,1,5,2,2,9,2,2,3,22,47,8,18,0,2,4,0,32,4,10,W
2020-11-23,1,6,2,7,2,1,7,2,3,3,20,58,9,18,3,3,5,0,30,4,12,W
2020-11-24,1,5,3,7,2,2,7,2,3,4,20,62,9,19,4,4,6,2,27,5,12,W
2020-11-25,1,5,3,8,2,1,6,1,3,4,21,68,9,17,3,6,6,2,30,7,14,W
2020-11-26,1,4,3,7,2,1,9,1,3,4,29,68,9,20,3,5,4,2,34,6,13,W
2020-11-27,1,4,3,8,2,3,10,2,4,4,26,71,9,19,3,8,3,2,30,6,11,W
2020-11-28,1,4,3,8,2,3,10,3,4,6,26,71,9,15,3,8,3,2,30,4,11,W
2020-11-29,1,4,3,9,2,3,10,2,4,5,26,71,9,15,3,8,3,2,30,3,12,W
2020-11-30,1,4,2,10,2,3,12,4,4,6,29,75,8,15,1,3,2,3,37,3,13,W
2020-12-01,1,3,2,11,3,4,13,5,4,7,25,73,8,14,2,3,4,3,36,3,14,W
2020-12-02,1,2,1,11,3,4,13,6,3,6,27,73,10,12,1,4,5,4,37,3,15,W
2020-12-03,1,2,1,11,2,4,14,6,4,7,29,81,9,14,2,4,5,3,35,2,18,W
2020-12-04,2,2,0,10,2,4,13,6,4,7,29,82,10,12,2,5,6,3,29,2,18,W
2020-12-05,2,2,0,10,2,4,13,5,4,8,29,82,10,11,2,5,6,3,29,2,17,W
2020-12-06,2,2,0,10,2,4,13,4,4,8,29,82,10,14,2,5,6,3,29,2,17,W
2020-12-07,3,2,0,9,0,5,11,4,2,7,33,80,9,12,3,3,6,3,32,3,16,W
2020-12-08,2,2,0,11,0,4,13,4,2,9,31,89,11,12,3,2,7,3,32,3,18,W
2020-12-09,2,2,0,11,0,4,14,5,3,7,30,83,8,13,3,4,7,4,38,3,17,W
2020-12-10,2,2,1,12,0,3,13,3,2,9,30,79,7,11,3,4,7,4,35,3,18,W
2020-12-11,2,2,1,10,0,4,15,3,2,2,27,89,6,11,3,4,7,5,35,3,18,W
2020-12-12,2,2,1,12,0,4,15,3,2,2,27,89,6,12,3,4,7,5,35,3,18,W
2020-12-13,2,2,1,13,0,4,15,3,2,3,27,89,6,12,3,4,7,5,35,3,18,W
2020-12-14,3,1,1,14,2,3,13,2,3,2,26,87,6,11,5,2,5,7,33,6,18,W
2020-12-15,2,3,2,13,3,3,12,2,5,2,29,87,10,13,5,3,4,7,36,5,15,W
2020-12-16,3,3,1,13,2,3,12,1,5,2,31,82,7,11,4,5,5,7,41,5,19,W
2020-12-17,4,3,0,14,4,3,12,3,5,3,38,76,9,15,2,4,4,8,43,5,15,W
2020-12-18,5,3,0,16,4,3,14,3,6,2,40,76,10,15,3,6,4,8,42,5,15,W
2020-12-19,5,3,0,14,4,3,14,3,6,2,40,76,10,15,3,6,3,8,42,6,17,W
2020-12-20,5,3,0,16,4,3,14,3,6,2,40,76,10,16,3,6,3,8,42,6,17,W
2020-12-21,5,3,2,16,3,4,14,3,4,4,46,79,9,16,3,6,3,7,43,5,19,W
2020-12-22,4,2,2,17,4,5,16,2,5,3,48,82,8,15,3,5,6,7,43,5,18,W
2020-12-23,5,4,2,12,5,5,16,2,5,3,50,83,9,13,3,4,7,7,46,6,16,W
2020-12-24,5,4,2,11,5,5,16,2,5,3,50,83,9,14,3,4,7,7,46,6,16,W
2020-12-25,5,4,2,11,5,5,16,2,5,3,50,83,9,17,3,4,7,7,46,6,16,W
2020-12-26,5,4,2,11,5,5,16,2,4,3,50,83,9,17,3,4,7,7,46,6,16,W
2020-12-27,5,4,2,11,5,5,16,5,4,3,50,83,12,18,3,4,7,7,46,5,16,W
2020-12-28,6,5,1,11,7,4,17,6,7,3,51,87,10,21,3,4,5,7,55,7,16,W
2020-12-29,6,3,1,12,9,4,19,5,7,4,55,84,9,19,3,4,8,7,62,8,15,W
2020-12-30,6,5,1,11,7,5,19,6,6,5,56,75,9,19,3,2,8,8,62,9,17,W
2020-12-31,6,5,1,11,7,5,19,6,6,5,56,75,9,16,3,2,8,8,62,9,17,W
2021-01-01,6,5,1,11,7,5,19,6,6,5,56,75,9,15,3,2,8,8,62,9,17,W
2021-01-02,6,5,1,11,7,5,19,3,6,5,56,75,9,17,3,2,8,8,62,9,17,W
2021-01-03,6,5,1,11,7,5,19,3,6,5,56,75,9,19,3,2,8,8,74,9,17,W
2021-01-04,8,2,2,11,5,5,18,6,5,6,59,80,8,17,5,6,7,5,77,9,20,W
2021-01-05,7,4,1,11,8,6,18,6,6,5,58,78,8,18,5,6,7,4,84,9,19,W
2021-01-06,7,4,1,11,8,6,19,8,6,5,58,78,10,18,5,6,7,4,84,8,19,W
2021-01-07,8,4,1,12,9,6,16,8,5,5,62,85,10,16,5,7,8,4,79,8,19,W
2021-01-08,9,5,2,12,7,5,16,8,7,5,60,84,10,17,5,5,8,3,79,8,19,W
2021-01-09,9,5,2,12,7,5,16,8,7,5,60,84,10,16,5,5,8,3,79,8,19,W
2021-01-10,9,5,2,11,7,5,15,10,7,7,60,84,11,14,5,5,8,3,80,8,16,W
2021-01-11,9,6,2,10,8,4,16,10,8,7,62,86,10,16,7,7,8,4,79,9,15,W
2021-01-12,9,6,1,9,8,4,18,8,7,5,60,77,12,16,7,6,10,3,79,8,16,W
2021-01-13,9,6,0,6,7,4,20,7,8,5,59,79,11,12,7,6,9,3,81,8,18,W
2021-01-14,9,5,0,6,6,3,17,7,8,4,61,81,11,12,5,5,7,3,79,7,18,W
2021-01-15,9,6,0,6,8,3,17,7,8,4,61,80,11,13,3,5,7,3,79,7,18,W
2021-01-16,9,6,0,6,8,3,17,7,8,4,61,80,11,12,3,5,7,3,79,7,18,W
2021-01-17,9,6,0,6,8,3,18,5,8,7,61,80,13,10,3,5,8,3,77,8,14,W
2021-01-18,9,6,0,6,8,3,18,5,8,7,61,75,13,10,3,4,8,3,78,8,14,W
2021-01-19,10,5,0,5,5,3,18,7,8,5,61,75,12,11,6,4,7,7,70,5,15,W
2021-01-20,10,3,0,5,6,3,18,7,8,5,61,72,12,9,5,4,4,5,70,5,16,W
2021-01-21,10,4,0,5,6,3,18,7,8,5,59,69,11,8,6,4,4,5,66,3,15,W
2021-01-22,11,4,0,5,4,3,18,7,6,5,56,64,11,8,6,4,4,5,66,3,15,W
2021-01-23,11,4,0,5,4,3,17,6,6,5,56,64,10,7,6,4,4,5,66,4,16,W
2021-01-24,11,4,0,4,4,3,17,6,6,5,56,64,10,8,6,4,4,5,57,4,16,W
2021-01-25,7,3,0,4,2,3,17,7,3,3,54,63,8,9,4,3,6,6,60,4,16,W
2021-01-26,7,3,0,4,4,2,18,5,3,3,53,57,8,9,4,3,8,5,61,5,18,W
2021-01-27,7,3,0,4,4,2,19,5,3,3,57,53,8,8,4,3,4,6,58,6,18,W
2021-01-28,7,3,0,4,3,2,19,4,3,3,56,53,8,8,4,4,4,6,58,6,17,W
2021-01-29,7,3,0,4,4,1,19,4,3,3,55,48,8,6,2,2,4,7,58,6,17,W
2021-01-30,7,3,0,4,4,1,19,4,3,3,55,48,8,6,2,2,4,7,58,6,17,W
2021-01-31,7,3,0,4,4,1,17,5,3,3,55,48,7,8,2,2,7,7,59,4,15,W
2021-02-01,6,3,1,4,5,1,18,4,3,2,48,51,6,9,1,4,8,5,51,4,14,W
2021-02-02,6,3,1,4,5,1,17,4,3,2,48,48,6,9,1,6,8,5,53,4,14,W
2021-02-03,6,6,0,4,5,2,16,4,5,2,44,51,5,7,1,6,8,5,52,4,14,W
2021-02-04,4,6,0,4,4,2,17,4,5,2,44,51,5,8,3,6,8,4,51,4,14,W
2021-02-05,4,5,0,3,3,2,17,6,5,2,44,54,5,4,3,7,7,2,51,4,14,W
2021-02-06,4,5,0,3,3,2,17,6,5,2,44,54,5,5,3,7,7,2,51,4,14,W
2021-02-07,4,5,0,3,3,2,15,3,5,2,44,54,4,5,3,7,7,2,58,4,12,W
2021-02-08,3,5,0,3,1,1,17,2,4,4,44,48,6,4,3,9,8,3,54,4,12,W
2021-02-09,4,4,0,4,1,0,17,1,4,4,42,43,5,4,4,10,9,3,57,3,12,W
2021-02-10,4,5,0,4,2,0,16,1,5,6,38,45,6,4,4,10,7,2,57,3,12,W
2021-02-11,4,5,0,5,2,2,15,2,5,4,39,45,6,4,4,9,7,2,57,4,12,W
2021-02-12,3,5,0,5,1,3,15,2,6,4,35,44,5,2,4,8,6,2,58,4,9,W
2021-02-13,3,5,0,5,1,3,15,2,6,4,35,44,5,3,4,8,6,2,58,4,9,W
2021-02-14,3,5,0,5,1,3,15,2,6,4,35,44,5,3,4,8,6,2,58,4,9,W
2021-02-15,3,6,0,6,3,3,18,3,7,5,36,38,6,5,5,10,4,1,53,2,10,W
2021-02-16,4,7,0,6,3,3,21,3,7,5,35,36,5,4,6,9,4,2,57,2,11,W
2021-02-17,4,5,0,6,4,3,20,3,6,5,31,39,4,4,7,8,3,3,60,2,11,W
2021-02-18,4,5,0,6,3,3,18,3,5,5,30,33,5,4,8,8,3,3,55,2,8,W
2021-02-19,3,5,0,6,3,3,19,3,3,7,29,31,6,5,7,8,2,3,55,1,8,W
2021-02-20,3,5,0,6,3,3,19,3,3,7,29,31,6,3,7,8,2,3,55,1,8,W
2021-02-21,3,5,0,6,3,3,19,4,3,7,29,31,6,2,7,8,2,3,55,2,8,W
2021-02-22,4,6,0,5,1,2,18,5,4,9,27,36,7,2,6,12,4,4,53,2,7,W
2021-02-23,5,6,0,5,1,2,19,5,2,11,30,38,7,1,6,11,4,4,52,2,8,W
2021-02-24,5,6,0,5,2,2,18,4,4,12,30,33,7,2,5,13,5,4,59,1,8,W
2021-02-25,5,6,0,6,3,3,17,4,5,9,31,36,7,3,5,14,6,4,57,2,9,W
2021-02-26,3,3,0,6,3,3,17,4,5,10,30,36,7,3,5,14,7,4,52,2,9,W
2021-02-27,3,3,0,6,3,3,17,4,5,10,30,36,7,3,5,14,7,4,52,2,9,W
2021-02-28,3,3,0,8,3,3,13,6,5,10,30,36,7,2,4,14,7,4,52,1,11,W
2021-03-01,4,2,0,9,4,3,11,6,6,10,30,43,7,5,4,17,6,3,54,0,12,W
2021-03-02,4,3,0,7,2,3,12,5,5,8,29,43,7,6,5,17,5,3,53,2,12,W
2021-03-03,4,3,0,8,2,3,13,5,6,9,28,48,6,6,5,15,6,3,52,2,14,W
2021-03-04,4,2,0,9,4,3,13,5,6,8,29,48,5,8,4,14,7,4,48,2,12,W
2021-03-05,4,2,0,8,4,3,13,7,5,8,32,51,3,9,4,14,4,3,46,2,10,W
2021-03-06,4,2,0,8,4,3,13,7,5,8,32,51,3,9,4,14,4,3,46,2,10,W
2021-03-07,4,2,0,8,4,3,14,8,5,8,32,51,3,10,4,14,4,3,46,4,9,W
2021-03-08,4,3,1,10,4,3,13,8,7,6,27,48,7,9,5,12,5,4,50,4,9,W
2021-03-09,3,3,1,9,3,3,13,9,7,7,23,49,7,10,5,10,5,3,48,3,8,W
2021-03-10,4,1,1,12,4,3,14,8,5,6,21,49,8,12,5,11,4,3,46,2,9,W
2021-03-11,4,2,1,10,3,3,10,8,5,4,20,47,9,10,7,15,3,3,47,4,10,W
2021-03-12,4,0,1,10,5,2,13,7,6,7,21,50,10,13,7,19,3,3,47,4,10,W
2021-03-13,4,0,1,10,5,2,13,7,6,7,21,50,10,14,7,19,3,3,47,4,10,W
2021-03-14,4,0,1,10,5,2,13,7,6,7,21,50,10,13,7,19,3,3,47,4,12,W
2021-03-15,4,4,2,10,5,2,14,7,4,8,20,54,11,14,8,20,4,3,49,4,12,W
2021-03-16,5,5,2,11,5,2,14,6,3,7,22,57,10,13,8,18,4,3,50,2,12,W
2021-03-17,4,6,2,12,7,3,12,6,3,7,22,62,8,15,7,14,4,4,52,4,11,W
2021-03-18,4,9,3,12,5,4,11,7,1,5,22,65,8,14,9,15,4,3,48,6,12,W
2021-03-19,4,7,3,12,6,3,11,7,1,6,22,66,10,15,10,16,6,2,44,7,15,W
2021-03-20,4,7,3,12,6,3,11,7,1,6,22,66,10,18,10,16,6,2,44,7,15,W
2021-03-21,4,7,3,12,6,3,10,3,1,6,22,66,10,20,10,16,6,2,44,7,15,W
2021-03-22,4,11,2,14,6,3,12,4,0,7,21,77,9,19,10,14,6,4,45,7,14,W
2021-03-23,3,9,2,14,5,4,10,5,0,8,19,75,8,18,10,11,6,2,45,6,16,W
2021-03-24,3,10,2,11,8,4,12,4,0,8,19,75,9,15,12,10,6,3,47,6,15,W
2021-03-25,3,12,1,16,9,4,11,5,0,9,17,84,10,20,14,9,6,4,47,5,18,W
2021-03-26,4,12,1,10,6,3,11,4,0,10,15,84,12,20,14,5,5,4,53,5,18,W
2021-03-27,4,12,1,10,6,3,11,4,0,10,15,84,12,20,14,5,5,4,53,5,18,W
2021-03-28,4,12,1,10,6,3,11,4,0,10,15,84,12,21,14,5,5,4,53,5,18,W
2021-03-29,4,12,1,16,7,4,11,4,0,10,17,74,12,22,14,8,5,4,53,5,18,W
2021-03-30,5,15,2,11,6,4,12,4,0,12,17,76,11,23,8,8,7,4,52,8,17,W
2021-03-31,5,15,2,15,7,4,11,4,2,13,20,82,11,22,7,8,7,4,55,10,18,W
2021-04-01,6,18,0,15,6,3,11,4,3,13,17,89,11,25,8,9,7,4,55,10,18,W
2021-04-02,6,18,0,15,6,3,11,4,3,13,17,89,11,24,8,9,7,4,55,10,18,W
2021-04-03,6,18,0,15,6,3,11,4,3,13,17,89,11,24,8,9,7,4,55,10,18,W
2021-04-04,6,18,0,15,6,3,11,4,3,13,17,89,11,22,8,9,7,4,55,10,18,W
2021-04-05,6,18,0,14,6,3,13,5,3,13,17,89,18,24,8,9,7,4,55,15,19,W
2021-04-06,5,20,1,15,6,2,10,4,6,9,20,88,19,25,9,7,7,4,57,17,21,W
2021-04-07,4,20,1,17,9,2,11,4,4,8,19,86,17,26,9,6,7,4,65,16,22,W
2021-04-08,4,20,2,16,5,2,13,4,6,8,20,89,16,26,8,7,6,5,64,16,22,W
2021-04-09,4,20,2,11,5,2,13,4,7,7,18,96,16,26,9,8,6,6,69,16,22,W
2021-04-10,4,20,2,11,5,2,13,4,7,7,18,96,16,27,9,8,6,6,69,16,22,W
2021-04-11,4,20,2,11,5,2,13,6,7,7,18,96,20,27,9,8,6,6,69,17,23,W
2021-04-12,5,16,3,14,4,2,15,9,7,12,20,105,16,28,7,12,6,4,64,20,25,W
2021-04-13,5,16,1,14,7,2,15,7,6,13,17,103,16,28,8,12,11,4,61,18,23,W
2021-04-14,5,16,2,18,7,3,16,7,6,13,15,100,15,30,9,14,10,4,60,19,21,W
2021-04-15,4,16,2,20,8,4,14,7,6,14,15,99,15,29,9,16,10,4,59,18,17,W
2021-04-16,3,18,1,20,8,5,14,7,6,15,18,98,15,31,9,17,10,4,63,18,17,W
2021-04-17,3,18,1,20,8,5,14,7,6,15,18,98,15,31,9,17,10,4,63,18,17,W
2021-04-18,3,18,1,20,8,5,14,7,6,15,18,98,15,31,9,17,10,4,63,18,17,W
2021-04-19,3,19,1,18,6,4,15,9,6,14,24,100,16,32,11,15,12,5,71,17,22,W
2021-04-20,4,22,2,18,7,5,15,9,7,13,25,90,16,30,11,15,11,5,67,19,24,W
2021-04-21,5,19,2,18,9,5,14,8,8,14,24,90,13,29,12,13,12,6,65,17,26,W
2021-04-22,5,18,4,13,7,5,16,10,8,13,25,93,16,31,11,12,15,7,63,19,24,W
2021-04-23,5,17,2,13,7,5,14,10,9,13,26,91,18,31,11,11,14,5,64,14,18,W
2021-04-24,5,17,2,13,7,5,14,10,9,13,26,91,18,29,11,11,14,5,64,14,18,W
2021-04-25,5,17,2,11,7,5,12,12,9,13,26,91,18,26,11,11,14,5,64,18,18,W
2021-04-26,4,15,3,18,6,5,13,10,8,14,29,97,19,30,12,9,10,4,66,18,17,W
2021-04-27,5,15,3,12,5,5,13,10,8,10,26,97,18,28,10,10,11,4,67,17,17,W
2021-04-28,5,16,3,11,5,6,14,9,10,12,25,96,20,26,12,11,12,5,65,19,17,W
2021-04-29,5,16,3,14,5,5,13,8,10,12,21,96,20,25,11,11,11,2,65,19,20,W
2021-04-30,5,13,3,14,5,5,13,8,9,12,21,96,18,24,11,11,11,2,65,18,20,W
2021-05-01,5,13,3,14,5,5,13,8,9,12,21,96,18,26,11,11,11,2,65,18,20,W
2021-05-02,5,13,3,11,5,5,14,7,9,12,21,96,17,25,11,11,12,2,65,16,20,W
2021-05-03,6,11,3,12,6,8,14,8,7,11,24,98,17,28,12,10,11,4,65,15,22,W
2021-05-04,5,12,4,10,6,9,15,5,7,9,28,96,17,26,15,10,13,5,68,15,20,W
2021-05-05,5,13,2,11,2,9,15,5,7,9,27,95,17,23,14,10,12,6,70,14,22,W
2021-05-06,5,13,2,11,2,9,15,5,7,9,27,95,17,19,14,10,12,6,70,14,22,W
2021-05-07,5,15,0,12,5,8,12,7,8,11,34,86,16,22,14,10,13,6,70,14,25,W
2021-05-08,5,15,0,12,5,8,12,7,8,11,34,86,16,21,14,10,13,6,70,14,25,W
2021-05-09,5,15,0,13,5,8,12,5,8,11,34,86,16,22,14,10,13,6,70,14,24,W
2021-05-10,6,12,2,13,7,7,12,5,5,11,35,81,15,20,17,11,11,6,68,12,22,W
2021-05-11,6,11,2,11,5,6,10,7,5,12,35,81,16,21,14,12,11,5,66,13,19,W
2021-05-12,5,11,2,11,6,5,9,7,6,13,34,84,15,21,13,10,14,3,62,13,18,W
