date,Blekinge,Dalarna,Gotland,Gävleborg,Halland,Jämtland Härjedalen,Jönköping,Kalmar,Kronoberg,Norrbotten,Skåne,Stockholm,Sörmland,Uppsala,Värmland,Västerbotten,Västernorrland,Västmanland,Västra Götaland,Örebro,Östergötland,compartment
2020-01-01,0,0,0,0,0,0,0,0,0,0,0,0,0,0,0,0,0,0,0,0,0,Iinc
2020-01-08,0,0,0,0,0,0,0,0,0,0,0,0,0,0,0,0,0,0,0,0,0,Iinc
2020-01-15,0,0,0,0,0,0,0,0,0,0,0,0,0,0,0,0,0,0,0,0,0,Iinc
2020-01-22,0,0,0,0,0,0,0,0,0,0,0,0,0,0,0,0,0,0,0,0,0,Iinc
2020-01-29,0,0,0,0,0,0,0,0,0,0,0,0,0,0,0,0,0,0,0,0,0,Iinc
2020-02-05,0,0,0,0,0,0,1,0,0,0,0,0,0,0,0,0,0,0,0,0,0,Iinc
2020-02-12,0,0,0,0,0,0,0,0,0,0,0,0,0,0,0,0,0,0,0,0,0,Iinc
2020-02-19,0,0,0,0,0,0,0,0,0,0,0,0,0,0,0,0,0,0,0,0,0,Iinc
2020-02-26,0,0,0,0,0,0,1,0,0,0,0,4,0,2,0,0,0,0,6,0,0,Iinc
2020-03-04,0,0,0,2,1,0,2,0,0,0,22,140,0,5,11,0,0,0,24,4,0,Iinc
2020-03-11,10,5,2,5,41,21,37,7,15,6,177,230,21,33,21,13,11,5,146,5,27,Iinc
2020-03-18,2,17,3,17,17,34,15,5,3,14,32,407,43,37,8,16,3,16,78,33,124,Iinc
2020-03-25,9,70,6,52,31,26,56,19,15,29,46,962,107,84,10,18,22,29,116,48,202,Iinc
2020-04-01,15,102,3,106,43,11,133,21,21,35,70,1347,295,147,6,74,33,110,240,84,333,Iinc
2020-04-08,6,159,2,108,53,42,105,19,47,54,99,1416,208,158,23,58,36,190,444,227,286,Iinc
2020-04-15,1,138,3,121,52,81,153,28,75,55,100,1409,210,200,25,56,34,165,421,224,201,Iinc
2020-04-22,21,198,12,109,88,63,182,43,88,41,131,1430,211,212,33,59,67,171,611,247,186,Iinc
2020-04-29,10,115,22,112,58,81,160,40,91,36,181,1265,187,188,70,35,67,120,623,238,133,Iinc
2020-05-06,11,164,10,176,93,80,156,43,147,30,200,1206,131,248,64,35,77,83,851,218,130,Iinc
2020-05-13,18,85,3,170,77,102,168,30,129,38,198,1135,83,180,53,52,98,116,828,176,130,Iinc
2020-05-20,44,84,5,152,101,97,162,24,115,22,233,902,74,195,83,49,143,115,732,172,155,Iinc
2020-05-27,68,83,11,165,125,94,224,73,105,56,254,1191,89,245,126,35,135,144,873,119,65,Iinc
2020-06-03,82,99,10,231,136,81,218,56,81,88,251,1203,97,309,110,35,154,173,2140,180,287,Iinc
2020-06-10,82,75,21,280,152,74,636,71,73,182,303,1375,142,247,115,40,118,282,2444,132,279,Iinc
2020-06-17,38,60,20,240,122,88,767,71,34,256,412,1730,103,317,84,51,154,268,1828,118,312,Iinc
2020-06-24,27,167,27,370,240,54,786,63,25,341,310,1609,174,400,93,61,157,212,1935,88,316,Iinc
2020-07-01,16,178,13,231,163,37,339,85,10,110,128,1130,73,184,45,34,162,177,914,66,184,Iinc
2020-07-08,11,58,14,232,56,21,177,34,19,101,124,482,67,61,20,13,118,100,364,47,60,Iinc
2020-07-15,8,52,19,89,35,22,105,14,27,45,154,395,45,60,9,24,70,50,320,28,51,Iinc
2020-07-22,3,30,24,63,31,19,60,17,19,39,141,329,18,22,15,8,59,35,336,22,26,Iinc
2020-07-29,11,27,21,22,60,10,63,16,28,25,155,295,9,40,14,18,37,39,583,40,43,Iinc
2020-08-05,33,48,34,35,99,19,81,14,62,24,184,363,12,53,57,8,40,39,670,51,88,Iinc
2020-08-12,46,37,22,43,91,18,68,26,90,24,248,416,16,51,46,42,21,41,580,45,81,Iinc
2020-08-19,22,42,8,34,99,2,62,41,46,7,299,353,9,64,27,14,27,36,397,32,66,Iinc
2020-08-26,15,56,3,28,76,12,32,24,43,10,287,239,10,35,12,13,10,21,233,13,28,Iinc
2020-09-02,3,57,1,23,93,22,78,9,38,5,198,253,2,34,27,7,6,32,296,86,62,Iinc
2020-09-09,4,79,3,42,79,9,132,8,60,7,218,305,16,75,20,23,16,50,300,75,71,Iinc
2020-09-16,14,164,5,37,84,18,105,11,88,15,291,537,23,69,27,42,18,56,337,85,54,Iinc
2020-09-23,77,88,3,73,107,27,96,11,112,28,260,923,39,105,21,96,25,199,489,59,81,Iinc
2020-09-30,72,101,16,75,156,56,114,14,76,74,413,1252,38,226,50,54,30,123,402,158,142,Iinc
2020-10-07,61,84,15,78,155,124,198,21,69,96,365,1502,54,285,34,58,38,116,537,258,130,Iinc
2020-10-14,31,161,14,61,138,106,274,37,121,92,633,1656,99,505,80,50,41,120,706,331,364,Iinc
2020-10-21,65,213,33,104,195,60,271,102,312,125,1318,2957,136,349,116,71,56,180,1372,608,512,Iinc
2020-10-28,141,444,68,240,467,53,892,187,466,225,2232,5749,395,883,202,250,129,468,2983,1000,1000,Iinc
2020-11-04,161,621,186,485,557,138,1078,318,706,538,2721,7695,615,1015,359,635,332,831,4065,1225,1124,Iinc
2020-11-11,224,691,233,765,986,278,1280,462,725,589,4574,9489,719,1357,419,686,589,1086,4187,1221,759,Iinc
2020-11-18,251,631,174,1017,539,446,1297,448,555,736,4336,9521,796,1430,465,762,906,1263,4578,1219,574,Iinc
2020-11-25,365,797,232,1211,778,356,1063,658,623,904,5694,11126,609,1398,467,896,1205,1336,4361,887,594,Iinc
2020-12-02,458,839,320,1400,1064,323,1061,618,541,678,7249,10464,564,1397,552,808,1175,1331,4468,741,786,Iinc
2020-12-09,556,1019,235,1559,1194,355,1215,729,711,715,9161,11298,708,1512,633,986,1208,1285,6782,788,982,Iinc
2020-12-16,621,1135,196,2506,1198,411,1428,846,938,560,9342,10446,760,1631,646,935,1300,1163,8221,818,1076,Iinc
2020-12-23,700,975,121,1260,1118,345,1167,764,748,430,8972,7461,743,1204,500,646,821,1030,6429,811,889,Iinc
2020-12-30,914,987,115,1432,2026,402,1401,920,988,515,9195,6277,800,1362,613,742,1000,867,8192,867,1708,Iinc
2021-01-06,788,714,152,1271,2239,404,1396,1079,1037,539,10055,5802,836,1120,433,662,748,1081,6782,840,1469,Iinc
2021-01-13,621,608,83,620,1502,269,1044,725,683,636,7137,3755,504,690,345,396,617,572,6001,615,1512,Iinc
2021-01-20,379,511,57,506,1153,248,1021,559,628,578,5225,3545,412,694,266,388,520,540,4256,582,1154,Iinc
2021-01-27,214,342,30,433,1128,215,1036,429,603,463,4099,3505,331,560,307,437,512,417,4155,424,1014,Iinc
2021-02-03,211,307,20,592,1043,251,941,350,464,458,3431,3222,321,561,349,796,571,345,4146,377,848,Iinc
2021-02-10,151,332,27,715,1173,222,1065,300,509,485,3156,3998,358,710,342,1033,470,341,4720,388,787,Iinc
2021-02-17,173,380,15,908,1182,265,1079,439,453,740,3223,5076,458,725,410,1269,400,369,4763,439,847,Iinc
2021-02-24,121,482,33,1171,1399,331,1196,545,343,825,2903,6330,596,730,383,1153,381,351,5942,567,899,Iinc
2021-03-03,170,580,64,1497,1686,367,1136,625,310,1117,2868,6665,694,792,576,1063,422,468,4887,737,1015,Iinc
2021-03-10,179,790,63,1391,1615,370,1400,614,226,735,2516,7640,729,912,638,784,513,550,5223,695,972,Iinc
2021-03-17,211,925,69,1382,1776,434,1655,852,320,979,2959,8242,988,1247,756,792,643,597,6173,886,1146,Iinc
2021-03-24,303,1134,107,1506,2205,358,1731,1281,327,650,3526,9017,1176,1429,859,624,812,764,7500,1206,1365,Iinc
2021-03-31,384,1097,99,1200,1928,404,1547,1126,455,945,3403,9741,1344,1702,902,467,1045,834,6647,1547,1567,Iinc
2021-04-07,455,1474,154,1604,1711,618,1620,1375,705,1051,4106,9373,1492,1802,1159,647,1425,923,6372,1693,1383,Iinc
2021-04-14,592,1134,182,1210,1468,590,1325,1345,805,1086,3895,9522,1275,1764,1066,664,1570,922,6936,1462,2223,Iinc
2021-04-21,658,1161,130,1010,1079,520,1107,1195,988,918,3801,8008,1039,1639,941,654,1512,823,5448,1222,2177,Iinc
2021-04-28,555,1021,79,776,858,494,1170,1219,1046,945,4257,8343,1001,1356,784,688,1255,745,5305,1199,2210,Iinc
2021-05-05,455,897,105,906,777,519,1204,1198,1081,1047,4284,7627,893,1198,709,681,1074,1010,5090,1080,1843,Iinc
2021-05-12,292,744,96,691,552,369,801,768,821,1019,3621,5589,743,789,417,522,644,646,4416,954,1420,Iinc
2021-05-19,208,490,67,448,490,290,679,505,450,1007,2492,3386,449,490,312,441,417,402,3641,641,865,Iinc
2021-05-26,119,261,28,217,231,136,263,215,276,620,772,1478,300,274,213,234,245,222,1141,300,429,Iinc
2021-06-02,98,204,22,152,348,75,532,247,187,592,1343,1423,162,399,456,181,173,153,1929,180,238,Iinc
2021-06-09,83,102,15,68,125,34,211,104,172,355,566,709,72,120,465,113,75,128,612,109,156,Iinc
2021-06-16,58,55,7,27,58,6,133,96,101,450,344,430,41,95,325,60,31,79,348,42,62,Iinc
2021-06-23,39,41,12,13,54,10,101,47,84,279,248,319,29,36,236,41,21,51,234,41,47,Iinc
2021-06-30,19,38,5,51,77,9,81,22,56,127,203,382,39,55,186,52,30,28,292,59,59,Iinc
2021-07-07,11,22,10,28,63,28,68,22,26,41,177,450,37,60,58,29,19,19,250,36,60,Iinc
2021-07-14,14,28,9,27,76,7,44,23,37,49,288,646,37,52,48,27,12,16,372,23,48,Iinc
2021-07-21,15,13,25,40,118,12,49,44,56,44,404,1030,32,70,72,47,27,27,444,41,51,Iinc
2021-07-28,9,36,93,51,160,45,58,47,34,101,464,1256,98,86,73,43,50,75,499,66,116,Iinc
2021-08-04,36,70,134,78,156,39,106,46,55,57,485,1749,89,126,156,245,57,156,579,81,109,Iinc
2021-08-11,56,113,101,153,191,68,142,79,54,67,640,2043,116,157,140,295,69,192,807,147,187,Iinc
2021-08-18,51,116,51,91,253,86,232,138,81,61,920,2083,116,182,122,202,66,212,1016,176,208,Iinc
2021-08-25,60,170,55,120,224,58,173,128,136,15,1000,1936,102,169,128,153,70,215,1347,180,246,Iinc
2021-09-01,100,182,25,140,214,70,223,147,170,46,1145,2079,171,175,129,114,72,243,1343,177,272,Iinc
2021-09-08,87,244,31,140,239,57,228,129,175,79,1028,2192,158,196,113,196,62,210,1820,302,282,Iinc
2021-09-15,42,215,12,103,214,62,214,102,90,47,753,1760,84,203,54,243,64,195,1396,187,219,Iinc
2021-09-22,33,123,7,57,115,32,141,41,53,103,474,1279,70,140,66,287,31,187,775,141,150,Iinc
2021-09-29,22,108,3,109,91,39,150,75,55,130,402,1324,117,156,33,254,29,237,621,171,105,Iinc
2021-10-06,23,59,4,163,105,25,81,66,48,189,346,1309,140,198,38,188,52,212,625,172,94,Iinc
2021-10-13,28,95,5,132,79,24,112,68,97,152,399,1140,168,142,34,201,84,218,592,155,144,Iinc
2021-10-20,47,122,2,117,91,37,136,144,97,169,601,1483,197,180,78,158,82,411,720,143,179,Iinc
2021-10-27,37,130,1,200,94,47,125,176,48,220,631,1581,178,291,112,197,71,491,904,172,204,Iinc
2021-11-03,77,77,7,155,103,16,89,201,64,164,644,1356,120,175,126,184,77,372,729,212,112,Iinc
2021-11-10,95,59,15,195,190,31,129,210,59,162,907,1511,136,222,174,180,81,380,649,323,111,Iinc
2021-11-17,81,116,62,260,250,40,133,233,75,85,1074,1790,136,278,209,138,116,485,1064,348,120,Iinc
2021-11-24,224,202,62,377,568,114,202,323,78,122,1892,3270,223,417,232,214,242,766,1646,512,229,Iinc
2021-12-01,250,222,46,444,578,91,374,335,164,138,2524,3394,369,673,318,233,352,779,1630,613,274,Iinc
2021-12-08,261,655,46,706,608,214,582,497,172,202,3170,5017,404,594,508,274,620,946,2042,697,434,Iinc
2021-12-15,358,804,27,636,779,262,666,579,217,256,4437,7325,445,1171,588,321,416,1112,2798,768,522,Iinc
2021-12-22,325,790,47,592,1066,331,575,464,349,336,5528,8918,348,810,908,323,402,954,3728,669,445,Iinc
2021-12-29,658,1675,382,1041,2878,1306,1601,1009,933,856,11112,17878,1257,1603,1675,732,804,1322,7651,1789,1180,Iinc
2022-01-05,777,3925,543,2545,5335,2472,2886,1822,2153,1609,17206,34884,2967,3426,3002,2581,1426,2790,26754,3460,2720,Iinc
2022-01-12,1632,4098,1006,3766,8197,4253,6279,2747,2929,2306,22238,43467,5425,6116,4090,3260,3369,5915,22462,6200,4930,Iinc
2022-01-19,2526,6709,1385,6971,14745,2887,8161,5533,5641,3309,28555,63015,8938,7857,8134,4939,4026,7984,44769,11108,9150,Iinc
2022-01-26,3864,8602,1272,7827,12151,3326,9436,7021,5669,3944,31045,48907,6571,11975,9851,4889,6167,9897,48036,12236,12371,Iinc
2022-02-02,2612,6165,1067,5132,7559,1757,5103,6781,3536,2965,23399,26480,3426,4950,6221,4639,3168,5345,46377,9587,9449,Iinc
2022-02-09,1016,2388,395,2122,2542,946,1641,3262,1261,1422,8582,8018,1593,2760,2780,2119,1488,2257,7876,3928,3924,Iinc
2022-02-16,333,937,125,817,850,323,625,851,542,554,2289,3537,866,720,1256,1261,566,888,2409,1493,901,Iinc
2022-02-23,262,692,98,594,684,277,440,626,365,562,1716,2832,555,513,870,1139,469,656,2578,1019,696,Iinc
2022-03-02,199,588,84,531,478,242,343,487,346,375,1099,1906,427,358,506,954,427,486,1378,796,525,Iinc
2022-03-09,137,544,50,414,370,166,287,436,295,290,930,1416,390,365,580,669,328,349,1200,499,390,Iinc
2022-03-16,141,380,22,315,338,119,214,284,287,235,824,1659,348,287,394,366,282,328,860,440,380,Iinc
2020-01-01,0,0,0,0,0,0,0,0,0,0,0,0,0,0,0,0,0,0,0,0,0,Wcum
2020-01-08,0,0,0,0,0,0,0,0,0,0,0,0,0,0,0,0,0,0,0,0,0,Wcum
2020-01-15,0,0,0,0,0,0,0,0,0,0,0,0,0,0,0,0,0,0,0,0,0,Wcum
2020-01-22,0,0,0,0,0,0,0,0,0,0,0,0,0,0,0,0,0,0,0,0,0,Wcum
2020-01-29,0,0,0,0,0,0,0,0,0,0,0,0,0,0,0,0,0,0,0,0,0,Wcum
2020-02-05,0,0,0,0,0,0,0,0,0,0,0,0,0,0,0,0,0,0,0,0,0,Wcum
2020-02-12,0,0,0,0,0,0,0,0,0,0,0,0,0,0,0,0,0,0,0,0,0,Wcum
2020-02-19,0,0,0,0,0,0,0,0,0,0,0,0,0,0,0,0,0,0,0,0,0,Wcum
2020-02-26,0,0,0,0,0,0,0,0,0,0,0,0,0,0,0,0,0,0,0,0,0,Wcum
2020-03-04,0,0,0,0,0,0,0,0,0,0,0,2,0,0,0,0,0,0,1,0,0,Wcum
2020-03-11,0,0,0,0,0,0,1,0,0,0,4,9,2,1,1,0,0,0,1,0,0,Wcum
2020-03-18,0,2,0,1,2,0,1,0,0,3,8,46,11,3,3,3,1,0,14,1,8,Wcum
2020-03-25,1,12,2,6,9,1,10,1,0,8,14,144,29,12,4,5,3,10,39,7,28,Wcum
2020-04-01,2,21,2,16,11,3,22,5,1,13,23,268,52,26,5,10,7,15,63,16,41,Wcum
2020-04-08,2,31,3,21,15,5,32,8,1,18,37,386,78,42,5,14,12,20,104,25,52,Wcum
2020-04-15,2,37,4,25,17,6,38,13,3,23,49,487,89,60,7,18,15,25,134,38,71,Wcum
2020-04-22,2,44,4,31,18,7,47,17,7,28,58,567,100,72,9,21,21,32,184,47,83,Wcum
2020-04-29,2,49,4,36,22,8,52,19,8,31,67,631,106,87,13,21,24,36,225,59,87,Wcum
2020-05-06,2,53,4,39,24,12,56,22,10,34,74,682,111,97,17,22,28,39,262,65,90,Wcum
2020-05-13,3,56,5,41,26,12,60,23,12,36,76,728,118,107,18,24,31,41,289,67,94,Wcum
2020-05-20,3,57,5,45,27,15,66,23,15,37,87,762,120,116,20,26,36,42,309,70,97,Wcum
2020-05-27,3,60,5,48,30,15,73,24,17,37,92,805,123,129,23,28,39,44,336,71,98,Wcum
2020-06-03,4,63,5,58,32,16,78,27,17,40,100,829,129,137,26,29,41,49,367,73,103,Wcum
2020-06-10,5,64,5,63,33,16,81,28,19,43,107,857,129,146,28,30,44,50,383,78,104,Wcum
2020-06-17,7,64,5,66,34,16,86,28,21,48,107,880,130,149,29,30,48,50,405,79,105,Wcum
2020-06-24,8,65,6,67,36,16,91,29,22,51,110,894,131,152,30,31,50,51,417,79,107,Wcum
2020-07-01,8,65,6,69,37,17,93,29,23,53,110,900,133,154,31,31,51,53,426,81,107,Wcum
2020-07-08,8,65,6,70,37,17,94,30,23,53,111,902,133,155,32,31,51,53,432,81,107,Wcum
2020-07-15,8,66,6,71,37,18,94,31,23,54,111,906,133,156,32,32,51,53,434,82,107,Wcum
2020-07-22,8,67,6,71,38,18,95,31,23,55,113,907,133,156,32,32,51,55,437,82,107,Wcum
2020-07-29,8,67,6,71,38,19,95,31,23,58,113,910,133,156,32,33,51,55,440,82,107,Wcum
2020-08-05,8,67,6,71,39,20,95,31,23,59,117,916,133,156,32,33,51,55,442,83,107,Wcum
2020-08-12,8,67,6,71,39,20,95,31,23,60,119,922,133,156,32,33,51,55,446,83,107,Wcum
2020-08-19,9,67,7,71,39,20,95,31,23,60,119,924,133,156,33,33,51,55,448,83,108,Wcum
2020-08-26,9,67,7,71,39,20,95,31,23,60,119,928,133,156,33,33,51,55,451,83,108,Wcum
2020-09-02,9,68,7,72,40,20,96,31,23,60,119,929,133,158,33,33,51,55,452,83,108,Wcum
2020-09-09,9,68,7,72,40,20,96,31,23,60,121,932,133,158,33,33,51,55,454,84,108,Wcum
2020-09-16,9,68,7,75,40,20,96,31,24,60,122,932,133,158,33,33,51,55,456,84,108,Wcum
2020-09-23,9,68,7,76,40,20,96,31,24,60,123,936,133,158,33,33,51,55,458,84,108,Wcum
2020-09-30,9,68,7,76,42,20,96,31,24,61,124,938,134,161,33,33,51,57,460,84,108,Wcum
2020-10-07,9,69,7,76,44,22,97,31,24,63,126,942,134,162,34,33,51,57,466,84,108,Wcum
2020-10-14,9,69,7,76,44,22,98,31,25,64,127,948,134,166,34,33,51,57,470,84,109,Wcum
2020-10-21,9,69,7,76,46,22,102,31,27,67,131,957,134,169,35,33,51,59,474,85,111,Wcum
2020-10-28,10,71,7,76,47,23,106,31,28,68,136,971,136,172,36,33,52,61,487,87,116,Wcum
2020-11-04,10,73,8,78,48,23,111,32,31,69,151,1007,142,178,36,33,52,61,511,89,121,Wcum
2020-11-11,10,76,9,80,49,23,118,33,32,73,161,1049,148,186,36,35,54,65,527,93,127,Wcum
2020-11-18,12,79,12,82,52,25,122,34,37,75,175,1093,157,194,38,38,59,67,552,99,135,Wcum
2020-11-25,12,79,16,90,54,30,132,35,38,82,192,1150,163,199,41,44,62,68,576,103,141,Wcum
2020-12-02,13,80,16,96,58,32,143,39,41,88,216,1202,168,204,44,48,68,70,596,104,147,Wcum
2020-12-09,15,82,17,105,59,33,150,41,43,91,228,1259,171,211,49,50,76,76,617,109,156,Wcum
2020-12-16,20,84,19,116,61,34,158,43,48,92,262,1295,181,217,50,53,78,79,659,110,166,Wcum
2020-12-23,22,86,20,125,67,37,170,45,53,93,292,1347,189,222,50,55,86,82,701,113,176,Wcum
2020-12-30,24,87,21,134,73,41,178,48,59,97,336,1387,194,230,53,60,91,84,764,120,184,Wcum
2021-01-06,27,92,23,140,84,42,189,55,65,100,359,1424,206,234,57,64,96,85,794,123,191,Wcum
2021-01-13,28,94,23,142,87,43,200,58,69,105,386,1455,213,235,58,64,100,86,830,127,200,Wcum
2021-01-20,31,95,23,145,91,45,209,59,71,107,412,1477,215,236,61,64,102,88,860,129,208,Wcum
2021-01-27,32,97,23,146,95,45,213,60,74,107,433,1496,217,240,61,67,107,88,890,133,213,Wcum
2021-02-03,33,99,24,148,99,45,216,61,77,111,448,1522,221,240,64,73,111,88,915,133,214,Wcum
2021-02-10,34,100,24,154,103,47,224,63,81,115,458,1536,224,244,66,76,112,88,944,136,218,Wcum
2021-02-17,36,102,24,156,107,47,234,63,83,121,465,1556,228,247,68,84,114,90,971,136,224,Wcum
2021-02-24,38,102,24,165,113,47,242,66,87,126,478,1586,231,252,70,90,118,90,998,137,229,Wcum
2021-03-03,38,105,24,171,117,48,249,69,92,128,488,1625,236,257,72,99,121,92,1023,140,230,Wcum
2021-03-10,38,107,25,178,125,48,258,70,93,136,498,1664,243,264,76,111,121,92,1048,144,235,Wcum
2021-03-17,40,115,26,182,128,49,265,72,94,139,509,1721,248,273,83,115,127,94,1068,151,241,Wcum
2021-03-24,40,128,26,186,135,50,274,74,94,146,516,1766,259,281,85,120,131,96,1102,158,249,Wcum
2021-03-31,42,137,26,194,141,50,282,81,98,151,526,1817,276,302,87,124,133,98,1147,169,254,Wcum
2021-04-07,43,144,27,204,146,50,292,85,104,155,542,1892,287,318,89,129,139,101,1187,182,269,Wcum
2021-04-14,44,156,27,218,154,54,301,91,106,166,556,1937,303,339,93,133,148,103,1225,196,281,Wcum
2021-04-21,46,159,29,225,159,58,309,97,108,173,570,1987,317,358,98,138,151,105,1252,203,300,Wcum
2021-04-28,49,173,30,230,162,63,316,100,111,179,583,2035,334,374,102,143,155,107,1277,211,314,Wcum
2021-05-05,52,180,31,233,166,64,319,102,113,186,605,2073,345,390,108,145,162,112,1301,214,328,Wcum
2021-05-12,54,182,31,237,170,65,324,103,118,190,615,2095,361,393,109,146,171,115,1320,218,330,Wcum
2021-05-19,56,185,32,239,170,66,327,104,118,193,622,2116,366,404,109,148,174,115,1338,219,333,Wcum
2021-05-26,56,187,32,240,171,68,327,104,119,202,628,2126,369,410,109,150,175,116,1348,221,336,Wcum
2021-06-02,57,188,32,240,171,68,327,104,119,206,629,2132,372,411,112,151,175,117,1351,222,339,Wcum
2021-06-09,57,189,32,240,171,68,329,104,119,210,632,2136,372,413,117,151,177,117,1357,222,342,Wcum
2021-06-16,58,189,32,240,171,68,330,104,119,211,632,2139,373,413,120,151,177,117,1357,222,343,Wcum
2021-06-23,58,190,32,241,171,68,331,104,119,211,632,2142,376,413,123,152,177,117,1358,222,344,Wcum
2021-06-30,58,190,32,241,171,68,331,104,119,212,632,2143,377,413,123,152,177,117,1359,222,344,Wcum
2021-07-07,58,190,32,241,171,68,331,104,120,212,632,2145,377,413,125,152,177,118,1360,222,344,Wcum
2021-07-14,58,190,32,241,171,68,333,104,120,214,632,2145,377,413,127,152,177,118,1363,223,344,Wcum
2021-07-21,58,190,32,242,171,68,334,104,120,214,633,2147,377,413,128,152,177,118,1363,223,344,Wcum
2021-07-28,58,190,32,242,173,68,335,104,120,214,635,2151,377,414,128,152,177,118,1364,223,346,Wcum
2021-08-04,58,190,32,242,173,69,336,104,121,214,637,2153,380,415,129,152,177,119,1370,223,346,Wcum
2021-08-11,58,190,32,243,173,69,336,104,121,214,638,2156,383,415,130,153,177,119,1379,225,347,Wcum
2021-08-18,58,190,32,244,174,69,336,104,121,214,639,2165,386,415,130,153,177,119,1384,226,350,Wcum
2021-08-25,59,191,32,244,175,69,338,104,122,214,640,2177,386,418,130,153,178,120,1392,227,353,Wcum
2021-09-01,60,193,32,244,176,69,338,104,123,215,646,2190,388,420,130,153,178,120,1406,228,356,Wcum
2021-09-08,60,193,33,246,177,69,338,104,124,215,648,2202,389,420,130,153,179,121,1411,228,358,Wcum
2021-09-15,60,193,33,246,178,69,339,104,124,216,650,2214,389,421,131,153,179,122,1414,229,358,Wcum
2021-09-22,60,193,33,248,178,69,339,104,124,217,654,2223,390,422,131,153,179,122,1415,229,360,Wcum
2021-09-29,61,193,33,248,178,70,339,104,124,217,656,2227,390,422,133,153,179,123,1419,229,362,Wcum
2021-10-06,61,194,33,249,178,70,340,104,124,220,657,2232,390,423,133,153,179,123,1420,229,363,Wcum
2021-10-13,62,194,33,249,178,70,341,104,125,220,657,2238,390,424,133,153,180,123,1423,229,363,Wcum
2021-10-20,62,194,33,249,178,70,341,104,125,221,657,2240,392,424,134,153,180,127,1428,229,363,Wcum
2021-10-27,63,194,33,249,178,70,342,104,125,221,662,2245,393,424,135,153,180,127,1430,229,364,Wcum
2021-11-03,63,194,33,250,178,71,342,104,125,222,662,2252,393,425,135,154,182,128,1432,229,364,Wcum
2021-11-10,64,194,34,250,178,71,343,105,125,224,667,2254,394,425,136,155,182,128,1437,229,365,Wcum
2021-11-17,64,194,34,250,178,71,344,105,126,224,672,2256,394,425,136,155,182,129,1438,229,367,Wcum
2021-11-24,64,194,34,252,178,71,346,105,126,225,678,2262,397,425,139,155,183,130,1448,229,368,Wcum
2021-12-01,65,194,35,252,179,71,347,105,127,225,680,2277,399,426,139,155,184,130,1452,230,369,Wcum
2021-12-08,65,197,35,253,182,72,353,108,127,225,688,2283,399,428,139,156,185,130,1459,232,372,Wcum
2021-12-15,67,198,35,253,185,74,354,109,128,227,696,2304,403,429,141,156,185,133,1469,234,374,Wcum
2021-12-22,67,201,35,256,185,76,358,111,129,228,701,2321,404,430,142,156,186,136,1478,235,376,Wcum
2021-12-29,67,203,35,260,187,79,363,113,132,230,712,2340,410,430,144,158,188,136,1489,236,380,Wcum
2022-01-05,69,204,35,263,188,79,370,113,132,230,722,2366,412,435,146,159,188,140,1496,237,383,Wcum
2022-01-12,71,207,35,265,191,81,374,116,134,233,733,2390,414,441,146,160,188,142,1512,240,387,Wcum
2022-01-19,71,212,36,266,194,84,376,116,137,236,739,2411,420,442,149,161,188,143,1532,243,389,Wcum
2022-01-26,73,213,36,273,196,89,378,118,137,239,749,2436,422,448,150,162,190,146,1549,245,393,Wcum
2022-02-02,73,215,36,283,199,89,384,121,141,241,755,2454,426,450,152,167,194,147,1556,246,401,Wcum
2022-02-09,76,218,36,287,203,89,388,122,142,242,764,2471,428,451,154,168,196,148,1564,250,406,Wcum
2022-02-16,79,220,37,287,208,89,390,126,145,246,768,2482,428,451,155,170,196,151,1567,251,411,Wcum
2022-02-23,81,225,37,292,209,89,392,126,146,247,770,2490,430,452,157,174,198,151,1570,251,412,Wcum
2022-03-02,82,229,37,296,210,90,392,126,146,249,771,2494,430,452,158,177,200,151,1573,253,412,Wcum
2022-03-09,82,233,37,297,213,91,392,127,146,250,773,2500,430,453,160,185,204,151,1575,253,414,Wcum
2022-03-16,82,233,37,297,213,91,393,127,146,254,773,2505,431,453,162,185,204,151,1575,253,414,Wcum
2020-01-01,0,0,0,0,0,0,0,0,0,0,0,0,0,0,0,0,0,0,0,0,0,D
2020-01-08,0,0,0,0,0,0,0,0,0,0,0,0,0,0,0,0,0,0,0,0,0,D
2020-01-15,0,0,0,0,0,0,0,0,0,0,0,0,0,0,0,0,0,0,0,0,0,D
2020-01-22,0,0,0,0,0,0,0,0,0,0,0,0,0,0,0,0,0,0,0,0,0,D
2020-01-29,0,0,0,0,0,0,0,0,0,0,0,0,0,0,0,0,0,0,0,0,0,D
2020-02-05,0,0,0,0,0,0,0,0,0,0,0,0,0,0,0,0,0,0,0,0,0,D
2020-02-12,0,0,0,0,0,0,0,0,0,0,0,0,0,0,0,0,0,0,0,0,0,D
2020-02-19,0,0,0,0,0,0,0,0,0,0,0,0,0,0,0,0,0,0,0,0,0,D
2020-02-26,0,0,0,0,0,0,0,0,0,0,0,0,0,0,0,0,0,0,0,0,0,D
2020-03-04,0,0,0,0,0,0,0,0,0,0,0,0,0,0,0,0,0,0,0,0,0,D
2020-03-11,0,0,0,0,0,0,0,0,0,0,0,4,0,0,0,0,0,0,1,0,0,D
2020-03-18,0,1,0,0,0,0,0,0,0,0,2,29,7,3,0,0,0,0,3,0,4,D
2020-03-25,1,6,0,2,6,0,8,1,0,2,7,155,20,8,1,0,0,2,9,0,11,D
2020-04-01,1,24,0,11,15,0,20,3,1,5,15,408,67,24,1,0,5,13,37,7,33,D
2020-04-08,2,50,1,37,16,2,33,4,2,14,32,783,118,46,2,7,13,32,80,22,58,D
2020-04-15,2,74,1,42,26,11,46,7,10,25,57,1099,145,70,5,12,23,78,151,39,88,D
2020-04-22,2,97,1,57,31,12,63,11,18,31,69,1363,170,89,8,15,35,96,216,56,117,D
2020-04-29,2,114,3,73,39,16,86,18,26,36,92,1600,185,116,15,16,45,110,293,72,143,D
2020-05-06,2,128,3,85,46,19,107,26,39,40,121,1788,201,136,21,18,57,123,395,93,161,D
2020-05-13,3,136,3,93,51,27,125,32,48,40,140,1930,211,152,25,21,66,133,470,108,175,D
2020-05-20,4,144,6,100,53,33,133,37,60,43,172,2036,220,169,29,25,79,140,545,130,191,D
2020-05-27,5,148,6,109,55,36,142,42,70,49,196,2122,228,181,33,27,86,148,599,140,199,D
2020-06-03,6,151,6,116,59,41,148,44,79,55,209,2203,233,188,43,30,92,154,654,145,211,D
2020-06-10,11,156,6,121,63,47,157,46,84,60,228,2256,235,208,55,30,99,160,704,153,222,D
2020-06-17,13,158,6,129,69,53,164,52,88,67,239,2300,239,220,62,31,110,167,747,160,227,D
2020-06-24,14,159,6,139,73,56,171,54,93,69,248,2331,244,227,66,31,114,171,775,166,232,D
2020-07-01,14,160,6,144,75,59,175,58,95,72,255,2354,246,235,68,31,118,175,790,169,238,D
2020-07-08,14,165,6,152,77,59,179,60,96,78,257,2365,247,239,71,31,125,178,813,170,239,D
2020-07-15,14,171,6,156,78,59,179,61,96,81,260,2371,253,239,72,31,128,179,833,171,240,D
2020-07-22,14,172,6,160,78,59,179,61,97,86,261,2378,253,239,73,31,131,180,839,171,240,D
2020-07-29,15,174,6,162,79,60,180,61,99,86,261,2381,253,239,73,31,132,181,842,171,240,D
2020-08-05,15,174,6,163,80,62,180,61,100,87,266,2384,253,239,73,31,132,183,843,171,241,D
2020-08-12,15,174,6,163,82,62,181,62,101,89,267,2385,254,240,73,31,133,183,846,171,242,D
2020-08-19,16,174,6,164,82,64,181,62,103,89,270,2388,254,241,73,31,134,183,851,171,242,D
2020-08-26,17,174,6,164,82,64,181,63,103,89,271,2391,254,241,73,31,135,183,853,171,243,D
2020-09-02,17,174,6,164,83,64,181,63,103,89,274,2393,254,242,73,31,136,183,855,171,245,D
2020-09-09,17,174,6,168,83,64,182,64,105,89,274,2394,254,242,73,31,136,183,856,172,247,D
2020-09-16,17,177,6,168,84,64,182,64,106,89,277,2396,254,242,73,31,136,183,858,172,247,D
2020-09-23,17,177,6,169,87,64,183,64,107,89,277,2398,254,242,73,31,136,183,861,172,247,D
2020-09-30,17,178,6,170,88,64,183,64,107,89,280,2403,254,242,74,31,136,183,865,172,248,D
2020-10-07,18,183,6,170,89,64,183,64,108,89,280,2412,254,244,74,31,137,183,867,172,248,D
2020-10-14,18,184,6,171,89,64,183,64,110,89,283,2415,254,247,75,31,137,184,868,172,248,D
2020-10-21,18,185,6,171,89,64,185,64,116,89,289,2427,255,254,75,31,137,185,873,173,249,D
2020-10-28,18,186,6,171,89,67,185,64,125,89,304,2449,257,258,76,31,138,186,884,175,259,D
2020-11-04,20,187,7,171,91,68,189,67,132,90,336,2494,260,266,77,32,139,188,908,178,274,D
2020-11-11,21,189,8,175,99,68,195,72,138,94,368,2583,264,277,78,34,143,192,939,183,289,D
2020-11-18,22,194,9,189,107,68,220,78,145,99,418,2683,273,289,83,43,151,201,983,189,297,D
2020-11-25,23,199,13,212,115,69,238,82,153,106,478,2796,281,310,92,57,161,214,1047,194,318,D
2020-12-02,25,205,21,234,121,75,260,95,155,118,553,2931,287,328,95,64,182,237,1103,204,341,D
2020-12-09,29,211,23,278,126,82,286,103,166,126,622,3069,294,342,107,74,210,250,1172,209,356,D
2020-12-16,37,231,27,334,135,87,313,114,179,134,724,3221,308,364,116,79,240,265,1280,216,376,D
2020-12-23,49,249,32,381,147,94,342,122,200,137,839,3351,315,380,121,89,267,281,1407,224,396,D
2020-12-30,60,271,39,417,154,101,380,140,215,146,972,3453,328,403,123,100,296,289,1544,233,422,D
2021-01-06,76,279,40,442,173,104,403,152,233,154,1123,3550,349,418,136,110,312,298,1690,239,449,D
2021-01-13,87,289,43,460,202,105,434,169,258,165,1264,3638,367,432,146,115,332,302,1793,252,475,D
2021-01-20,98,297,43,470,223,107,453,181,271,186,1382,3717,380,450,154,118,354,308,1885,266,498,D
2021-01-27,110,299,44,480,241,109,473,198,278,199,1452,3778,384,457,159,120,377,316,1952,282,522,D
2021-02-03,113,302,44,482,253,113,487,204,283,208,1501,3824,387,469,161,122,387,319,2019,284,537,D
2021-02-10,114,303,45,486,263,116,492,210,285,215,1533,3855,392,476,163,129,400,327,2062,288,550,D
2021-02-17,115,305,45,492,271,117,503,210,292,218,1570,3887,398,479,164,132,405,327,2098,291,557,D
2021-02-24,117,305,45,499,273,117,513,211,295,220,1596,3913,401,481,170,142,409,331,2126,294,564,D
2021-03-03,117,305,45,503,279,117,517,213,299,229,1612,3945,404,484,174,147,416,332,2151,295,567,D
2021-03-10,117,307,45,513,284,117,525,216,300,234,1626,3978,410,488,177,154,421,334,2176,298,572,D
2021-03-17,120,310,45,519,288,117,530,217,300,237,1636,4013,412,491,182,162,423,337,2203,302,575,D
2021-03-24,120,310,45,526,292,119,534,218,300,239,1646,4053,417,497,183,167,426,339,2227,304,583,D
2021-03-31,121,317,46,532,297,120,539,219,300,243,1654,4092,425,501,185,172,436,339,2252,310,587,D
2021-04-07,122,321,47,540,301,120,542,225,302,248,1666,4128,432,503,189,174,440,340,2269,316,595,D
2021-04-14,126,324,47,542,307,120,546,229,304,249,1676,4171,440,509,194,178,452,342,2282,320,603,D
2021-04-21,127,330,48,547,309,120,548,233,306,251,1683,4217,444,515,198,178,456,345,2304,325,608,D
2021-04-28,128,332,50,549,311,122,548,234,310,255,1699,4255,448,522,200,179,461,346,2319,327,612,D
2021-05-05,128,334,50,551,313,123,552,236,316,258,1711,4292,451,528,206,179,464,346,2331,329,616,D
2021-05-12,128,338,50,554,316,123,553,237,317,262,1731,4321,456,533,209,181,464,348,2344,334,626,D
2021-05-19,128,341,51,558,317,123,554,238,317,264,1742,4338,457,535,211,181,466,349,2355,339,631,D
2021-05-26,128,343,51,559,319,124,555,238,319,269,1748,4351,459,535,212,181,470,349,2359,342,631,D
2021-06-02,128,343,51,560,319,125,555,239,321,270,1751,4361,462,536,213,181,473,350,2366,342,635,D
2021-06-09,129,343,52,560,319,125,555,239,322,271,1754,4364,463,536,213,181,475,350,2374,342,636,D
2021-06-16,130,343,52,560,319,126,555,239,322,272,1758,4365,466,536,214,181,475,350,2378,342,637,D
2021-06-23,130,343,52,560,319,126,555,239,322,272,1758,4366,467,537,215,181,477,352,2378,342,638,D
2021-06-30,130,343,52,560,319,126,556,239,322,273,1758,4368,468,537,215,181,478,353,2379,342,638,D
2021-07-07,130,344,52,560,319,126,556,239,322,274,1758,4368,468,538,215,181,478,353,2379,342,638,D
2021-07-14,130,344,52,560,319,126,557,239,322,274,1758,4368,469,538,215,181,478,353,2379,342,638,D
2021-07-21,130,344,52,560,319,126,557,239,322,275,1759,4368,470,538,215,181,478,353,2379,342,638,D
2021-07-28,130,344,52,560,319,126,559,239,322,276,1759,4368,470,539,215,181,478,353,2379,342,638,D
2021-08-04,130,344,52,560,319,126,560,239,322,277,1760,4369,470,539,216,181,479,354,2379,342,638,D
2021-08-11,130,344,52,560,319,126,560,239,322,277,1760,4370,470,539,217,181,479,354,2381,342,640,D
2021-08-18,130,344,53,560,319,126,560,239,322,277,1760,4375,471,539,217,181,479,355,2382,342,642,D
2021-08-25,130,345,53,560,321,127,560,239,322,277,1763,4378,472,540,217,181,479,357,2386,342,644,D
2021-09-01,130,345,53,560,321,128,561,240,322,277,1765,4388,472,540,218,182,479,358,2390,343,646,D
2021-09-08,130,350,53,561,323,128,563,241,323,278,1771,4400,473,540,220,183,479,359,2399,346,647,D
2021-09-15,130,350,53,561,325,128,564,241,323,287,1776,4414,475,543,221,186,479,359,2405,347,651,D
2021-09-22,130,352,53,561,327,128,564,242,324,288,1778,4424,475,545,222,189,479,361,2414,351,654,D
2021-09-29,130,354,53,563,327,128,564,242,324,289,1782,4441,475,545,222,191,479,364,2420,351,656,D
2021-10-06,130,355,53,564,327,128,564,243,324,291,1786,4463,476,545,223,194,479,365,2429,353,657,D
2021-10-13,130,357,53,564,327,128,566,243,324,292,1789,4474,479,545,223,196,479,366,2435,353,658,D
2021-10-20,131,358,53,564,327,128,566,243,325,293,1794,4482,479,545,223,196,481,368,2436,353,659,D
2021-10-27,131,358,53,564,327,128,568,243,325,293,1799,4495,479,546,223,200,482,369,2438,353,660,D
2021-11-03,131,359,53,564,327,128,568,244,325,294,1800,4510,480,548,223,201,484,373,2441,353,661,D
2021-11-10,131,359,53,565,327,128,568,244,326,295,1808,4518,481,549,224,201,484,373,2449,354,661,D
2021-11-17,131,359,53,565,327,129,568,247,327,296,1811,4526,482,550,226,202,484,375,2455,354,661,D
2021-11-24,131,359,53,565,329,129,568,248,327,296,1814,4529,482,550,226,202,484,377,2458,355,661,D
2021-12-01,131,359,53,567,330,130,569,248,327,296,1818,4533,484,550,228,202,485,381,2464,356,661,D
2021-12-08,134,360,53,571,332,130,570,249,329,297,1820,4541,484,553,229,202,485,385,2467,358,661,D
2021-12-15,135,361,53,573,335,131,570,249,329,298,1825,4559,486,554,229,203,485,387,2474,360,663,D
2021-12-22,136,361,53,575,338,132,570,253,330,298,1834,4568,486,555,231,203,485,388,2479,361,667,D
2021-12-29,137,365,53,575,338,132,572,254,331,298,1851,4587,489,557,231,203,487,390,2489,361,673,D
2022-01-05,139,369,53,580,341,136,574,256,332,299,1875,4620,491,561,232,204,490,394,2520,363,675,D
2022-01-12,139,372,54,584,344,141,577,260,333,299,1914,4670,496,567,232,204,492,396,2553,367,680,D
2022-01-19,141,381,54,589,349,146,585,263,341,304,1949,4730,503,575,234,208,500,402,2606,371,686,D
2022-01-26,143,385,54,597,362,151,592,264,343,310,1989,4809,512,585,239,213,507,411,2677,379,695,D
2022-02-02,146,396,55,609,373,154,606,268,345,314,2052,4890,525,602,247,218,515,422,2736,390,711,D
2022-02-09,148,404,57,618,379,154,616,279,351,322,2103,4956,536,610,255,227,526,438,2794,399,731,D
2022-02-16,149,415,58,633,393,157,627,291,358,336,2155,5040,545,625,266,240,536,445,2839,405,749,D
2022-02-23,152,426,58,645,404,161,635,299,363,352,2209,5090,552,633,276,255,550,454,2883,419,762,D
2022-03-02,155,433,58,654,414,166,645,311,369,364,2246,5124,556,639,287,271,557,463,2924,429,778,D
2022-03-09,156,440,58,663,419,166,648,322,373,370,2274,5145,559,644,303,282,564,467,2954,435,789,D
2022-03-16,158,446,58,668,422,167,650,325,376,373,2290,5162,559,648,310,294,565,467,2971,439,791,D
